half,disk,layer,zone,con,tr,chipid,dx,dy,dz,dRx,dRy,dRz
0,0,0,0,0,5,0,0.0508737,-0.0295339,-0.0231493,-0,-6.84228e-49,-1.04928e-16
0,0,0,0,0,6,1,0.046239,-0.0314181,-0.0459736,-0,6.84228e-49,-9.40103e-17
0,0,0,3,1,0,2,0,2.22045e-16,-0.0004,-0,0,-0
0,0,0,3,1,1,3,0.0643094,-0.0331568,-0.0492333,-0,0,-9.9947e-17
0,0,0,3,2,17,4,0.0690142,-0.0328639,-0.053517,-0,3.42114e-49,-8.00606e-17
0,0,0,3,2,16,5,0.0683127,-0.0323457,-0.0571106,-0,0,-8.43378e-17
0,0,1,3,2,17,6,-0.0297184,-0.0268273,-0.081109,-0,0,-0
0,0,1,3,2,16,7,-0.0173294,-0.0272202,-0.051223,-0,0,-0
0,0,1,3,1,0,8,0,0,0.0004,-0,0,-0
0,0,1,3,1,1,9,-0.00329667,-0.0292676,-0.048799,-0,0,-0
0,0,1,0,0,5,10,0.0109241,-0.0309699,-0.057592,-0,0,-0
0,0,1,0,0,6,11,0.0113828,-0.0307976,-0.0599983,-0,0,-0
0,0,0,0,1,0,12,0.0640593,-0.0238098,-0.0342261,-0,6.84228e-49,-9.97832e-17
0,0,0,0,1,1,13,0.0591538,-0.0256491,-0.0607407,-0,6.84228e-49,-1.00456e-16
0,0,0,0,1,2,14,0.0576133,-0.026709,-0.0662073,-0,3.42114e-49,-8.21819e-17
0,0,0,0,2,17,15,0.0675982,-0.0201089,-0.0327988,-0,0,-9.84403e-17
0,0,0,0,2,16,16,0.0609022,-0.0212629,-0.0588472,-0,6.84228e-49,-1.01033e-16
0,0,0,0,2,15,17,0.0575029,-0.0235205,-0.0760821,-0,0,-1.03342e-16
0,0,0,1,0,5,18,0.0539677,-0.0199398,-0.037768,-0,0,-9.83619e-17
0,0,0,1,0,6,19,0.0526506,-0.0212172,-0.059561,-0,-6.84228e-49,-1.01905e-16
0,0,0,1,0,7,20,0.0536164,-0.0218866,-0.0636889,-0,-6.84228e-49,-1.02035e-16
0,0,0,1,1,0,21,0.0684299,-0.0176567,-0.0472871,-0,-6.84228e-49,-1.02649e-16
0,0,0,1,1,1,22,0.062569,-0.0180341,-0.0587212,-0,6.84228e-49,-1.0149e-16
0,0,0,1,1,2,23,0.060374,-0.019915,-0.0722176,-0,-6.84228e-49,-1.03675e-16
0,0,0,1,2,17,24,0.0629437,-0.0235981,-0.0494646,-0,6.84228e-49,-1.02776e-16
0,0,0,1,2,16,25,0.0601819,-0.026262,-0.0698364,-0,1.36846e-48,-1.02416e-16
0,0,0,1,2,15,26,0.0584829,-0.028472,-0.088083,-0,1.36846e-48,-1.06897e-16
0,0,0,2,0,5,27,0.0521674,-0.0223703,-0.0487603,-0,1.36846e-48,-1.05424e-16
0,0,0,2,0,6,28,0.0522149,-0.0234677,-0.0652476,-0,0,-1.03108e-16
0,0,0,2,0,7,29,0.0522236,-0.0241222,-0.0715856,-0,1.36846e-48,-1.11096e-16
0,0,0,2,1,0,30,0.0616652,-0.0271538,-0.060631,-0,0,-9.89626e-17
0,0,0,2,1,1,31,0.0605548,-0.0274048,-0.0599463,-0,0,-1.0465e-16
0,0,0,2,1,2,32,0.0596963,-0.0275139,-0.0690956,-0,6.84228e-49,-1.00232e-16
0,0,0,2,2,17,33,0.0683304,-0.0280779,-0.0609467,-0,6.84228e-49,-9.8915e-17
0,0,0,2,2,16,34,0.065212,-0.0272243,-0.0631231,-0,1.36846e-48,-1.03213e-16
0,0,0,2,2,15,35,0.0631541,-0.0265706,-0.0658991,-0,1.36846e-48,-1.05561e-16
0,0,0,3,0,5,36,0.0650948,-0.0305201,-0.0642927,-0,0,-9.69859e-17
0,0,0,3,0,6,37,0.0633002,-0.0306115,-0.0627433,-0,6.84228e-49,-9.93312e-17
0,0,0,3,0,7,38,0.0605361,-0.0284292,-0.0607937,-0,-1.36846e-48,-1.41018e-16
0,0,1,3,0,5,39,-0.0130639,-0.0283678,-0.0264246,-0,0,-0
0,0,1,3,0,6,40,-0.00894316,-0.0285576,-0.0448678,-0,0,-0
0,0,1,3,0,7,41,-0.00538275,-0.0295603,-0.0660865,-0,0,-0
0,0,1,2,2,17,42,-0.0202054,-0.0246986,-0.0393346,-0,0,-0
0,0,1,2,2,16,43,-0.0134782,-0.0252808,-0.0570397,-0,0,-0
0,0,1,2,2,15,44,-0.00647577,-0.0253786,-0.085833,-0,0,-0
0,0,1,2,1,0,45,-0.018684,-0.0208038,-0.0191579,-0,0,-0
0,0,1,2,1,1,46,-0.0124882,-0.0212167,-0.0421307,-0,0,-0
0,0,1,2,1,2,47,-0.00614151,-0.0232172,-0.0803505,-0,0,-0
0,0,1,2,0,5,48,0.00123501,-0.0255005,-0.0377904,-0,0,-0
0,0,1,2,0,6,49,0.00328774,-0.0271144,-0.0630808,-0,0,-0
0,0,1,2,0,7,50,0.00543858,-0.0280879,-0.0726376,-0,0,-0
0,0,1,1,2,17,51,-0.00214963,-0.0212715,-0.0395689,-0,0,-0
0,0,1,1,2,16,52,0.000309909,-0.0242033,-0.0757925,-0,0,-0
0,0,1,1,2,15,53,0.002396,-0.0252171,-0.0847905,-0,0,-0
0,0,1,1,1,0,54,-0.0159526,-0.0230022,-0.0413731,-0,0,-0
0,0,1,1,1,1,55,-0.00927935,-0.0239236,-0.0598705,-0,0,-0
0,0,1,1,1,2,56,-0.00500378,-0.024603,-0.068563,-0,0,-0
0,0,1,1,0,5,57,0.00438515,-0.0290828,-0.0479887,-0,0,-0
0,0,1,1,0,6,58,0.00378991,-0.0286151,-0.0520023,-0,0,-0
0,0,1,1,0,7,59,0.00622423,-0.0295647,-0.0694182,-0,0,-0
0,0,1,0,2,17,60,-0.00166497,-0.0300267,-0.0443684,-0,0,-0
0,0,1,0,2,16,61,0.00147591,-0.030042,-0.0583785,-0,0,-0
0,0,1,0,2,15,62,0.00436375,-0.0300597,-0.0686731,-0,0,-0
0,0,1,0,1,0,63,0.0459037,-0.0376774,0.0004,-0,0,-0
0,0,1,0,1,1,64,0.00847886,-0.0299104,-0.0602817,-0,0,-0
0,0,1,0,1,2,65,0.00762572,-0.028367,-0.0639524,-0,0,-0
0,1,2,0,0,5,66,0.0538913,-0.0378316,-0.0365099,-0,6.84228e-49,-9.96129e-17
0,1,2,0,0,6,67,0.050974,-0.0385294,-0.0486439,-0,6.84228e-49,-1.00166e-16
0,1,2,3,1,0,68,0,2.22045e-16,-0.0004,-0,0,-0
0,1,2,3,1,1,69,0.0685975,-0.0393049,-0.064563,-0,6.84228e-49,-9.95794e-17
0,1,2,3,2,17,70,0.0741446,-0.0422721,-0.0790429,-0,6.84228e-49,-8.27575e-17
0,1,2,3,2,16,71,0.0707724,-0.0416119,-0.0730357,-0,3.42114e-49,-8.60167e-17
0,1,3,3,2,17,72,0.00938755,-0.0448864,-0.0262946,-0,0,-0
0,1,3,3,2,16,73,0.0063879,-0.0448056,-0.0423159,-0,0,-0
0,1,3,3,1,0,74,0.00990531,-0.042919,-0.0325252,-0,0,-0
0,1,3,3,1,1,75,0.00615394,-0.0443085,-0.053665,-0,0,-0
0,1,3,0,0,5,76,0.00998921,-0.0484494,-0.0726168,-0,0,-0
0,1,3,0,0,6,77,0.00868921,-0.0483832,-0.0727219,-0,0,-0
0,1,2,0,1,0,78,0.0565413,-0.0374591,-0.0372794,-0,6.84228e-49,-9.89465e-17
0,1,2,0,1,1,79,0.0548195,-0.0376238,-0.0455556,-0,6.84228e-49,-1.00572e-16
0,1,2,0,1,2,80,0.0533475,-0.0378482,-0.0426026,-0,0,-9.44975e-17
0,1,2,0,2,17,81,0.0635205,-0.0345885,-0.0367335,-0,6.84228e-49,-9.76349e-17
0,1,2,0,2,16,82,0.0599056,-0.034296,-0.0391981,-0,0,-1.00586e-16
0,1,2,0,2,15,83,0.0559739,-0.0361207,-0.0447139,-0,6.84228e-49,-1.01732e-16
0,1,2,1,0,5,84,0.0628145,-0.0297078,-0.0406726,-0,6.84228e-49,-9.90954e-17
0,1,2,1,0,6,85,0.0603203,-0.0289488,-0.0396624,-0,6.84228e-49,-1.0183e-16
0,1,2,1,0,7,86,0.058135,-0.0300281,-0.0417927,-0,-6.84228e-49,-1.02917e-16
0,1,2,1,1,0,87,0.0647795,-0.0324814,-0.0424896,-0,1.36846e-48,-1.02037e-16
0,1,2,1,1,1,88,0.0626862,-0.0319173,-0.0399737,-0,-6.84228e-49,-1.00857e-16
0,1,2,1,1,2,89,0.0600205,-0.033062,-0.0425023,-0,0,-1.02779e-16
0,1,2,1,2,17,90,0.0605699,-0.0339448,-0.0445504,-0,0,-1.00907e-16
0,1,2,1,2,16,91,0.0597903,-0.0359052,-0.0592578,-0,-6.84228e-49,-1.01573e-16
0,1,2,1,2,15,92,0.0584452,-0.0373893,-0.0613838,-0,0,-1.00393e-16
0,1,2,2,0,5,93,0.0605951,-0.0339117,-0.0459248,-0,6.84228e-49,-1.01027e-16
0,1,2,2,0,6,94,0.0595163,-0.0340927,-0.0443876,-0,-6.84228e-49,-1.02585e-16
0,1,2,2,0,7,95,0.0583601,-0.0351984,-0.0442783,-0,-6.84228e-49,-1.02049e-16
0,1,2,2,1,0,96,0.0676498,-0.0357256,-0.0675272,-0,0,-9.63296e-17
0,1,2,2,1,1,97,0.0650374,-0.0342385,-0.0466994,-0,0,-1.03379e-16
0,1,2,2,1,2,98,0.0631526,-0.0346773,-0.0437199,-0,-6.84228e-49,-1.01125e-16
0,1,2,2,2,17,99,0.0313998,-0.0581151,-0.0004,-0,0,-0
0,1,2,2,2,16,100,0.0660088,-0.0388718,-0.0575404,-0,1.36846e-48,-1.02615e-16
0,1,2,2,2,15,101,0.0638564,-0.0382812,-0.0525772,-0,0,-1.004e-16
0,1,2,3,0,5,102,0,2.22045e-16,-0.0004,-0,0,-0
0,1,2,3,0,6,103,0,0,-0.0004,-0,0,-0
0,1,2,3,0,7,104,-8.88178e-16,0,-0.0004,-0,0,-0
0,1,3,3,0,5,105,0.0101623,-0.0461302,-0.0398939,-0,0,-0
0,1,3,3,0,6,106,0.00791327,-0.046971,-0.0576875,-0,0,-0
0,1,3,3,0,7,107,0.00726886,-0.046613,-0.0526883,-0,0,-0
0,1,3,2,2,17,108,0.0183647,-0.0465216,-0.0438389,-0,0,-0
0,1,3,2,2,16,109,0.0149616,-0.0458978,-0.0500412,-0,0,-0
0,1,3,2,2,15,110,0.00926935,-0.0482899,-0.0610658,-0,0,-0
0,1,3,2,1,0,111,0.0162489,-0.0450652,-0.046383,-0,0,-0
0,1,3,2,1,1,112,-0.25576,-0.293988,0.308897,-0,0,-0
0,1,3,2,1,2,113,0.0102654,-0.044335,-0.0380254,-0,0,-0
0,1,3,2,0,5,114,0.00903496,-0.0442104,-0.0423561,-0,0,-0
0,1,3,2,0,6,115,0.00739044,-0.0443803,-0.0443254,-0,0,-0
0,1,3,2,0,7,116,0.00638805,-0.0448194,-0.0387472,-0,0,-0
0,1,3,1,2,17,117,0.00548301,-0.0413431,-0.0444034,-0,0,-0
0,1,3,1,2,16,118,0.0045862,-0.0432635,-0.0601025,-0,0,-0
0,1,3,1,2,15,119,0.00413495,-0.0447473,-0.0587388,-0,0,-0
0,1,3,1,1,0,120,0.0116671,-0.0441952,-0.0521267,-0,0,-0
0,1,3,1,1,1,121,0.00824936,-0.0437917,-0.0535162,-0,0,-0
0,1,3,1,1,2,122,0.00562161,-0.0444745,-0.0526101,-0,0,-0
0,1,3,1,0,5,123,0.0136737,-0.0481444,-0.0653374,-0,0,-0
0,1,3,1,0,6,124,0.0107368,-0.0478207,-0.0631805,-0,0,-0
0,1,3,1,0,7,125,0.00773197,-0.0453667,-0.0489719,-0,0,-0
0,1,3,0,2,17,126,0.0110768,-0.0490599,-0.0693866,-0,0,-0
0,1,3,0,2,16,127,0.00891636,-0.0483519,-0.0628612,-0,0,-0
0,1,3,0,2,15,128,0.00796451,-0.0477098,-0.063112,-0,0,-0
0,1,3,0,1,0,129,0.0135851,-0.0502684,-0.0712124,-0,0,-0
0,1,3,0,1,1,130,0.0104616,-0.0494353,-0.0676398,-0,0,-0
0,1,3,0,1,2,131,0.00831916,-0.0482093,-0.0650145,-0,0,-0
0,2,4,0,0,5,132,0.025327,-0.0431438,0.099018,-0,0,-9.9968e-17
0,2,4,0,0,6,133,0.026403,-0.0427344,0.110218,-0,0,-9.57895e-17
0,2,4,3,3,22,134,0.0342382,-0.037549,0.0615567,-0,6.84228e-49,-9.15853e-17
0,2,4,3,3,21,135,0.0347283,-0.0372998,0.0818615,-0,6.84228e-49,-9.94063e-17
0,2,5,3,3,22,136,-0.0122764,-0.0495168,0.107921,-0,0,-0
0,2,5,3,3,21,137,-0.0164789,-0.0500184,0.0974812,-0,0,-0
0,2,5,0,0,5,138,0,0,0.0004,-0,0,-0
0,2,5,0,0,6,139,-0.00608077,-0.0569044,0.0688351,-0,0,-0
0,2,4,0,1,0,140,0.0389684,-0.0346192,0.0911846,-0,6.84228e-49,-1.00256e-16
0,2,4,0,1,1,141,0.0369527,-0.0343121,0.0984652,-0,6.84228e-49,-1.00687e-16
0,2,4,0,1,2,142,0.0326816,-0.0356465,0.0900851,-0,1.36846e-48,-1.06506e-16
0,2,4,0,2,17,143,-0.101069,-0.0935607,-0.0004,-0,0,-0
0,2,4,0,2,16,144,0.0477535,-0.017109,-0.0004,-0,0,-0
0,2,4,0,2,15,145,-0.179781,-0.398867,-0.0004,-0,0,-0
0,2,4,1,2,17,146,0.0277594,-0.0361493,0.0940225,-0,0,-1.0039e-16
0,2,4,1,2,16,147,0.0291517,-0.0361255,0.102599,-0,1.36846e-48,-1.01372e-16
0,2,4,1,2,15,148,0.0295185,-0.0360904,0.11672,-0,1.36846e-48,-1.04e-16
0,2,4,2,0,5,149,0.0322366,-0.0360973,0.0969552,-0,0,-9.55719e-17
0,2,4,2,0,6,150,0.0328906,-0.036004,0.103429,-0,6.84228e-49,-1.00613e-16
0,2,4,2,0,7,151,0.0319304,-0.0406114,0.088033,-0,0,-9.97337e-17
0,2,4,2,1,0,152,0.0188323,-0.035087,0.0930332,-0,0,-9.5179e-17
0,2,4,2,1,1,153,0.0221842,-0.0353651,0.100231,-0,0,-1.02286e-16
0,2,4,2,1,2,154,0.0260459,-0.0379897,0.0984086,-0,-6.84228e-49,-1.01133e-16
0,2,4,3,1,0,155,0.0401349,-0.0314851,0.0656232,-0,0,-9.5361e-17
0,2,4,3,1,1,156,0.0379152,-0.0307244,0.0894975,-0,-6.84228e-49,-1.00307e-16
0,2,4,3,1,2,157,0.0363552,-0.0311599,0.0930148,-0,6.84228e-49,-9.87622e-17
0,2,4,3,2,17,158,0.0323167,-0.0374823,0.0654226,-0,6.84228e-49,-9.35185e-17
0,2,4,3,2,16,159,0.0323562,-0.03668,0.0835331,-0,-1.36846e-48,-1.01763e-16
0,2,4,3,2,15,160,0.0325096,-0.0359752,0.0975091,-0,6.84228e-49,-1.0724e-16
0,2,5,3,2,17,161,-0.0190784,-0.0489063,0.104568,-0,0,-0
0,2,5,3,2,16,162,-0.0208603,-0.0492884,0.094074,-0,0,-0
0,2,5,3,2,15,163,-0.0225445,-0.0505184,0.0893366,-0,0,-0
0,2,5,3,1,0,164,-0.0144261,-0.0525591,0.096492,-0,0,-0
0,2,5,3,1,1,165,-0.017042,-0.0517134,0.0973232,-0,0,-0
0,2,5,3,1,2,166,-0.0208901,-0.0529308,0.0948891,-0,0,-0
0,2,5,2,1,0,167,-0.0191316,-0.0482746,0.0981874,-0,0,-0
0,2,5,2,1,1,168,-0.020949,-0.0484885,0.0950764,-0,0,-0
0,2,5,2,1,2,169,-0.0227239,-0.0538894,0.0552685,-0,0,-0
0,2,5,2,0,5,170,-0.0215936,-0.0496783,0.0976925,-0,0,-0
0,2,5,2,0,6,171,-0.0223297,-0.0498463,0.0853158,-0,0,-0
0,2,5,2,0,7,172,-0.0225735,-0.0532023,0.083685,-0,0,-0
0,2,5,1,2,17,173,-0.0193377,-0.0536954,0.0952121,-0,0,-0
0,2,5,1,2,16,174,-0.0209424,-0.0527106,0.101048,-0,0,-0
0,2,5,1,2,15,175,-0.0207309,-0.0554823,0.0839948,-0,0,-0
0,2,5,0,2,17,176,-0.0124571,-0.0646361,0.0733433,-0,0,-0
0,2,5,0,2,16,177,-0.0132105,-0.0645293,0.061323,-0,0,-0
0,2,5,0,2,15,178,-0.0170872,-0.0616771,0.0969608,-0,0,-0
0,2,5,0,1,0,179,-0.023281,-0.06182,0.0785762,-0,0,-0
0,2,5,0,1,1,180,-0.0222293,-0.0603791,0.0911819,-0,0,-0
0,2,5,0,1,2,181,-0.0201926,-0.0613833,0.0931831,-0,0,-0
0,2,4,1,0,5,182,0.0333438,-0.0284679,0.103102,-0,6.84228e-49,-9.70804e-17
0,2,4,1,0,6,183,0.0329453,-0.0293926,0.104193,-0,-6.84228e-49,-1.00706e-16
0,2,4,1,0,7,184,0.0319718,-0.0301132,0.106757,-0,6.84228e-49,-1.01537e-16
0,2,4,1,0,24,185,0.0320612,-0.0294553,0.126328,-0,6.84228e-49,-1.04924e-16
0,2,4,1,1,0,186,0.0273862,-0.0312745,0.092094,-0,6.84228e-49,-1.01922e-16
0,2,4,1,1,1,187,0.0291278,-0.0312173,0.106349,-0,1.36846e-48,-1.02808e-16
0,2,4,1,1,2,188,0.0308178,-0.0296063,0.127101,-0,0,-1.03038e-16
0,2,4,1,1,3,189,0.0299701,-0.0331938,0.111342,-0,1.36846e-48,-1.12864e-16
0,2,4,2,2,17,190,0.0284404,-0.0345908,0.0684889,-0,6.84228e-49,-9.31469e-17
0,2,4,2,2,16,191,0.0285411,-0.034724,0.0957418,-0,0,-1.02571e-16
0,2,4,2,2,15,192,0.0290725,-0.0333697,0.111376,-0,-6.84228e-49,-1.01592e-16
0,2,4,2,2,14,193,0.0297877,-0.0348849,0.112766,-0,0,-1.15543e-16
0,2,4,3,0,5,194,0.0287784,-0.034669,0.0855739,-0,6.84228e-49,-9.73556e-17
0,2,4,3,0,6,195,0.0287858,-0.0351152,0.0919534,-0,1.36846e-48,-1.01209e-16
0,2,4,3,0,7,196,0.0280882,-0.0338314,0.110313,-0,0,-1.01593e-16
0,2,4,3,0,24,197,0.0301643,-0.035551,0.106484,-0,-1.36846e-48,-1.19258e-16
0,2,5,3,0,5,198,-0.0213384,-0.0491642,0.0987088,-0,0,-0
0,2,5,3,0,6,199,-0.0224736,-0.0506055,0.0982117,-0,0,-0
0,2,5,3,0,7,200,-0.0227461,-0.0500457,0.102101,-0,0,-0
0,2,5,3,0,24,201,-0.0228693,-0.0516612,0.0953751,-0,0,-0
0,2,5,2,2,17,202,-0.0183641,-0.0520152,0.0874585,-0,0,-0
0,2,5,2,2,16,203,-0.0182955,-0.0520167,0.0971347,-0,0,-0
0,2,5,2,2,15,204,-0.0197267,-0.0518479,0.0953748,-0,0,-0
0,2,5,2,2,14,205,-0.0211412,-0.0521856,0.102952,-0,0,-0
0,2,5,1,1,0,206,-0.012949,-0.0559367,0.0835167,-0,0,-0
0,2,5,1,1,1,207,-0.0149614,-0.0559235,0.0959899,-0,0,-0
0,2,5,1,1,2,208,-0.0166848,-0.05497,0.106293,-0,0,-0
0,2,5,1,1,3,209,-0.0182497,-0.0554523,0.104393,-0,0,-0
0,2,5,1,0,5,210,-0.0183434,-0.0541139,0.0685184,-0,0,-0
0,2,5,1,0,6,211,-0.0192505,-0.0531514,0.0878589,-0,0,-0
0,2,5,1,0,7,212,-0.0202596,-0.0520417,0.09391,-0,0,-0
0,2,5,1,0,24,213,-0.0193958,-0.0543601,0.0805959,-0,0,-0
0,3,6,0,0,5,214,0.0573203,-0.0108715,-0.0522637,-0,0,-9.65859e-17
0,3,6,0,0,6,215,0.0578749,-0.0105889,-0.060953,-0,6.84228e-49,-9.99188e-17
0,3,6,0,0,7,216,0.0581505,-0.0105862,-0.0536068,-0,6.84228e-49,-1.00376e-16
0,3,6,0,1,0,217,0.0571137,-0.0108443,-0.0586632,-0,0,-9.73089e-17
0,3,6,0,1,1,218,0.0573877,-0.0100749,-0.061127,-0,0,-1.00411e-16
0,3,6,0,1,2,219,0.0557749,-0.01048,-0.0575662,-0,6.84228e-49,-9.97891e-17
0,3,6,3,1,0,220,0.0718017,-0.0173713,-0.0765397,-0,0,-9.22942e-17
0,3,6,3,1,1,221,0.0705256,-0.0159104,-0.0624208,-0,0,-9.94895e-17
0,3,6,3,1,2,222,0,0,-0.0004,-0,0,-0
0,3,6,3,2,17,223,0.0671616,-0.00912638,-0.0761117,-0,6.84228e-49,-9.70284e-17
0,3,6,3,2,16,224,0.0643617,-0.00768465,-0.0575628,-0,0,-9.70863e-17
0,3,6,3,2,15,225,0.0658636,-0.0080416,-0.0654003,-0,6.84228e-49,-1.00879e-16
0,3,6,3,3,22,226,0.0639762,-0.0107483,-0.0627512,-0,-1.71057e-49,-6.95611e-17
0,3,6,3,3,21,227,0.0674707,-0.0115177,-0.0805408,-0,6.84228e-49,-8.77139e-17
0,3,6,3,3,20,228,0.0597381,-0.00748161,-0.0315967,-0,0,-1.14614e-16
0,3,7,3,3,22,229,0.0010477,-0.0183818,-0.0322497,-0,0,-0
0,3,7,3,3,21,230,0.00275935,-0.0182396,-0.0465517,-0,0,-0
0,3,7,3,3,20,231,0.00370602,-0.0199843,-0.0664973,-0,0,-0
0,3,7,3,2,17,232,0.0110477,-0.0259059,-0.0309555,-0,0,-0
0,3,7,3,2,16,233,0.0116597,-0.0260673,-0.0398496,-0,0,-0
0,3,7,3,2,15,234,0.0146938,-0.0263905,-0.0492261,-0,0,-0
0,3,7,3,1,0,235,0.00247412,-0.0197059,-0.042023,-0,0,-0
0,3,7,3,1,1,236,0.00481407,-0.0195145,-0.0480482,-0,0,-0
0,3,7,3,1,2,237,0.00977687,-0.0192205,-0.0522557,-0,0,-0
0,3,7,0,1,0,238,0.0140425,-0.0262662,-0.0767763,-0,0,-0
0,3,7,0,1,1,239,0.0153778,-0.0254505,-0.0749411,-0,0,-0
0,3,7,0,1,2,240,0.016892,-0.0247462,-0.0742428,-0,0,-0
0,3,7,0,0,5,241,0.0158697,-0.0247336,-0.0735589,-0,0,-0
0,3,7,0,0,6,242,0.0150347,-0.0231749,-0.0640346,-0,0,-0
0,3,7,0,0,7,243,0.0167617,-0.0225232,-0.0630941,-0,0,-0
0,3,6,0,2,17,244,0.0603026,-0.00827498,-0.0567872,-0,6.84228e-49,-9.81679e-17
0,3,6,0,2,16,245,0.0603305,-0.00917953,-0.0645472,-0,0,-1.00644e-16
0,3,6,0,2,15,246,0.0618742,-0.0079643,-0.0489858,-0,1.36846e-48,-1.0086e-16
0,3,6,0,2,14,247,0.0628197,-0.00724033,-0.0384273,-0,6.84228e-49,-1.00519e-16
0,3,6,0,3,22,248,0.0487807,-0.00831284,-0.0585714,-0,6.84228e-49,-9.50695e-17
0,3,6,0,3,21,249,0.0519106,-0.00850787,-0.0567595,-0,6.84228e-49,-1.00899e-16
0,3,6,0,3,20,250,0.0548841,-0.00700569,-0.0412244,-0,6.84228e-49,-9.99558e-17
0,3,6,0,3,19,251,0.0553666,-0.00939779,-0.063362,-0,6.84228e-49,-1.00657e-16
0,3,6,1,0,5,252,0.0564121,-0.0111661,-0.0598013,-0,6.84228e-49,-9.68468e-17
0,3,6,1,0,6,253,0.0570308,-0.011932,-0.065303,-0,6.84228e-49,-1.00982e-16
0,3,6,1,0,7,254,0.0586686,-0.0101942,-0.0429123,-0,1.36846e-48,-1.02236e-16
0,3,6,1,0,24,255,0.0571243,-0.0122297,-0.0552966,-0,1.36846e-48,-1.04081e-16
0,3,6,1,1,0,256,0.0649188,-0.00739189,-0.0465371,-0,1.36846e-48,-1.02971e-16
0,3,6,1,1,1,257,0.064572,-0.00773279,-0.0561399,-0,0,-9.91536e-17
0,3,6,1,1,2,258,0.0621116,-0.00697771,-0.0508023,-0,6.84228e-49,-9.94155e-17
0,3,6,1,1,3,259,0.0608394,-0.0096615,-0.0718509,-0,1.36846e-48,-1.05206e-16
0,3,6,1,2,17,260,0.0519759,-0.00831212,-0.0646275,-0,1.36846e-48,-1.03043e-16
0,3,6,1,2,16,261,0.0533794,-0.00792836,-0.060359,-0,0,-1.024e-16
0,3,6,1,2,15,262,0.0533329,-0.00773432,-0.058417,-0,1.36846e-48,-1.03772e-16
0,3,6,1,2,14,263,0.0552098,-0.00909407,-0.0775504,-0,1.36846e-48,-1.02177e-16
0,3,6,1,3,22,264,0.0619727,-0.00999019,-0.066279,-0,6.84228e-49,-9.87596e-17
0,3,6,1,3,21,265,0.0619654,-0.00922045,-0.064588,-0,-6.84228e-49,-1.00662e-16
0,3,6,1,3,20,266,0.0614348,-0.00576662,-0.0293346,-0,0,-1.00763e-16
0,3,6,1,3,19,267,0.0597012,-0.00912016,-0.0573949,-0,6.84228e-49,-1.00156e-16
0,3,6,2,0,5,268,0.0610162,-0.00925858,-0.0665428,-0,-6.84228e-49,-1.02818e-16
0,3,6,2,0,6,269,0.060323,-0.0079581,-0.0572919,-0,0,-1.026e-16
0,3,6,2,0,7,270,0.0614057,-0.00941592,-0.061839,-0,6.84228e-49,-1.02219e-16
0,3,6,2,0,24,271,0.0614864,-0.011181,-0.0872354,-0,6.84228e-49,-1.04905e-16
0,3,6,2,1,0,272,0.063781,-0.00734802,-0.0549804,-0,6.84228e-49,-9.08095e-17
0,3,6,2,1,1,273,0.0635595,-0.0071898,-0.0478222,-0,0,-1.02512e-16
0,3,6,2,1,2,274,0.0633655,-0.00828244,-0.0578015,-0,1.36846e-48,-1.02586e-16
0,3,6,2,1,3,275,0.0625939,-0.00971758,-0.0690244,-0,-6.84228e-49,-9.82475e-17
0,3,6,2,2,17,276,0.0639703,-0.00551277,-0.0645307,-0,6.84228e-49,-9.65463e-17
0,3,6,2,2,16,277,0.0631912,-0.00564163,-0.0630844,-0,1.36846e-48,-1.02565e-16
0,3,6,2,2,15,278,0.0626187,-0.00449446,-0.0521563,-0,6.84228e-49,-1.02653e-16
0,3,6,2,2,14,279,0.0612711,-0.00276595,-0.040099,-0,6.84228e-49,-1.02384e-16
0,3,6,2,3,22,280,0.0643032,-0.0110435,-0.0717989,-0,6.84228e-49,-9.55646e-17
0,3,6,2,3,21,281,0.0621775,-0.0105004,-0.0569399,-0,0,-1.00481e-16
0,3,6,2,3,20,282,0.0642715,-0.0110469,-0.0611969,-0,0,-1.0143e-16
0,3,6,2,3,19,283,0.0629292,-0.00822036,-0.0324423,-0,0,-1.00685e-16
0,3,6,3,0,5,284,0.0673143,-0.00924949,-0.0703413,-0,6.84228e-49,-9.32539e-17
0,3,6,3,0,6,285,0.0660724,-0.00928821,-0.0561511,-0,0,-9.98446e-17
0,3,6,3,0,7,286,0.06475,-0.0078778,-0.0493046,-0,6.84228e-49,-9.99411e-17
0,3,6,3,0,24,287,0.0650583,-0.0094569,-0.0600816,-0,6.84228e-49,-9.8272e-17
0,3,7,3,0,5,288,-0.00197221,-0.0215801,-0.0349391,-0,0,-0
0,3,7,3,0,6,289,0.000913925,-0.0224378,-0.0356635,-0,0,-0
0,3,7,3,0,7,290,0.00515191,-0.020964,-0.0401083,-0,0,-0
0,3,7,3,0,24,291,0.00559575,-0.0245299,-0.075319,-0,0,-0
0,3,7,2,3,22,292,-0.00349207,-0.0212071,-0.0442024,-0,0,-0
0,3,7,2,3,21,293,-0.00255016,-0.0216042,-0.0397161,-0,0,-0
0,3,7,2,3,20,294,-0.00110249,-0.0218127,-0.0549829,-0,0,-0
0,3,7,2,3,19,295,1.09185e-05,-0.024898,-0.129085,-0,0,-0
0,3,7,2,2,17,296,0.00408586,-0.0271022,-0.0482126,-0,0,-0
0,3,7,2,2,16,297,0.00580186,-0.0274661,-0.0386716,-0,0,-0
0,3,7,2,2,15,298,0.00711102,-0.028365,-0.0630006,-0,0,-0
0,3,7,2,2,14,299,0.00969477,-0.0266296,-0.0558734,-0,0,-0
0,3,7,2,1,0,300,0.0137321,-0.0266871,-0.0436666,-0,0,-0
0,3,7,2,1,1,301,0.0135742,-0.0281951,-0.0525298,-0,0,-0
0,3,7,2,1,2,302,0.0137773,-0.028663,-0.0781079,-0,0,-0
0,3,7,2,1,3,303,0.0152958,-0.027502,-0.0651831,-0,0,-0
0,3,7,2,0,5,304,-0.00194507,-0.022097,-0.0375817,-0,0,-0
0,3,7,2,0,6,305,-0.000186774,-0.0252121,-0.0627985,-0,0,-0
0,3,7,2,0,7,306,0.00352661,-0.0259016,-0.0777213,-0,0,-0
0,3,7,2,0,24,307,0.00733187,-0.0213911,-0.051262,-0,0,-0
0,3,7,1,3,22,308,0.00886851,-0.026009,-0.0515465,-0,0,-0
0,3,7,1,3,21,309,0.00941781,-0.0269966,-0.0526529,-0,0,-0
0,3,7,1,3,20,310,0.0105594,-0.0285592,-0.0795584,-0,0,-0
0,3,7,1,3,19,311,0.0120375,-0.024601,-0.056891,-0,0,-0
0,3,7,1,2,17,312,0.00622213,-0.0285002,-0.0576464,-0,0,-0
0,3,7,1,2,16,313,0.00792553,-0.0350965,-0.1174,-0,0,-0
0,3,7,1,2,15,314,0.00754478,-0.030229,-0.117321,-0,0,-0
0,3,7,1,2,14,315,0.00892419,-0.0250258,-0.0688839,-0,0,-0
0,3,7,1,1,0,316,0.00463547,-0.016717,-0.0496548,-0,0,-0
0,3,7,1,1,1,317,0.00534134,-0.0184838,-0.057978,-0,0,-0
0,3,7,1,1,2,318,0.00741788,-0.0176026,-0.0654906,-0,0,-0
0,3,7,1,1,3,319,0.0089176,-0.0184208,-0.0718769,-0,0,-0
0,3,7,1,0,5,320,0.0147741,-0.0231694,-0.0700761,-0,0,-0
0,3,7,1,0,6,321,0.0125687,-0.0232502,-0.050083,-0,0,-0
0,3,7,1,0,7,322,0.0140354,-0.0231785,-0.0670226,-0,0,-0
0,3,7,1,0,24,323,0.0146824,-0.0244403,-0.0739731,-0,0,-0
0,3,7,0,3,22,324,0.0169248,-0.0240164,-0.0857098,-0,0,-0
0,3,7,0,3,21,325,0.0151745,-0.0242863,-0.0647498,-0,0,-0
0,3,7,0,3,20,326,0.0144436,-0.0228578,-0.0612101,-0,0,-0
0,3,7,0,3,19,327,0.0164909,-0.0239757,-0.0694896,-0,0,-0
0,3,7,0,2,17,328,0.010793,-0.0255173,-0.0748701,-0,0,-0
0,3,7,0,2,16,329,0.0112606,-0.0253576,-0.0623217,-0,0,-0
0,3,7,0,2,15,330,0.0124853,-0.0243044,-0.0603937,-0,0,-0
0,3,7,0,2,14,331,0.015352,-0.0248344,-0.0689315,-0,0,-0
0,4,8,0,0,5,332,0.0715496,-0.0366577,0.0101492,-0,0,-9.73761e-17
0,4,8,0,0,6,333,0.0669589,-0.0363186,0.0051894,-0,1.36846e-48,-1.01544e-16
0,4,8,0,0,7,334,0.060939,-0.0362552,0.00480431,-0,-6.84228e-49,-1.0109e-16
0,4,8,0,1,0,335,0.067154,-0.0378772,-0.00183857,-0,6.84228e-49,-9.71351e-17
0,4,8,0,1,1,336,0.0644878,-0.0374371,-0.00614387,-0,6.84228e-49,-1.00368e-16
0,4,8,0,1,2,337,0.0613126,-0.0372306,-0.00307112,-0,0,-9.98557e-17
0,4,8,3,2,17,338,0.113147,-0.034871,-0.0691176,-0,6.84228e-49,-9.07024e-17
0,4,8,3,2,16,339,0.0938615,-0.0331279,-0.0233783,-0,0,-9.97395e-17
0,4,8,3,2,15,340,0.0797716,-0.0315797,-0.00159521,-0,-6.84228e-49,-1.01348e-16
0,4,8,3,3,22,341,0.106208,-0.0370122,-0.0423664,-0,6.84228e-49,-9.56716e-17
0,4,8,3,3,21,342,0.0894054,-0.0346181,-0.0113351,-0,6.84228e-49,-1.00057e-16
0,4,8,3,3,20,343,0.0813511,-0.034811,-0.00723619,-0,0,-1.00077e-16
0,4,9,3,3,22,344,-0.00138433,-0.0551748,-0.00939162,-0,0,-0
0,4,9,3,3,21,345,0.00218474,-0.0546565,-0.0197821,-0,0,-0
0,4,9,3,3,20,346,0.00778573,-0.0543931,-0.0178023,-0,0,-0
0,4,9,3,2,17,347,-0.00330965,-0.0527083,-0.0141053,-0,0,-0
0,4,9,3,2,16,348,0.00075076,-0.0521421,-0.0197883,-0,0,-0
0,4,9,3,2,15,349,0.00821042,-0.0507446,-0.00826872,-0,0,-0
0,4,9,0,1,0,350,0.0181267,-0.0516445,-0.0517372,-0,0,-0
0,4,9,0,1,1,351,0.0156046,-0.049982,-0.0325609,-0,0,-0
0,4,9,0,1,2,352,0.0178212,-0.0503786,-0.0366362,-0,0,-0
0,4,9,0,0,5,353,0.0160206,-0.0519536,-0.0386096,-0,0,-0
0,4,9,0,0,6,354,0.0157681,-0.0506948,-0.0297616,-0,0,-0
0,4,9,0,0,7,355,0.0169451,-0.0495747,-0.0189141,-0,0,-0
0,4,8,0,2,17,356,0.0736922,-0.0348033,-0.00287264,-0,6.84228e-49,-9.6567e-17
0,4,8,0,2,16,357,0.0774225,-0.0337706,0.0537134,-0,6.84228e-49,-1.01159e-16
0,4,8,0,2,15,358,0.0702323,-0.0343673,0.0184174,-0,0,-1.00178e-16
0,4,8,0,2,14,359,0.06758,-0.0315434,0.0286428,-0,0,-1.09599e-16
0,4,8,0,3,22,360,0.0662814,-0.0310507,-0.0109011,-0,0,-9.59998e-17
0,4,8,0,3,21,361,0.0656558,-0.0313937,0.0036566,-0,6.84228e-49,-1.00819e-16
0,4,8,0,3,20,362,0.0672562,-0.0286838,0.0399058,-0,0,-1.00615e-16
0,4,8,0,3,19,363,0.0629998,-0.0287626,0.0393983,-0,6.84228e-49,-1.01058e-16
0,4,8,1,1,0,364,0.065296,-0.0374662,-0.000684106,-0,0,-1.03694e-16
0,4,8,1,1,1,365,0.0651917,-0.0379114,0.00695471,-0,0,-1.02369e-16
0,4,8,1,1,2,366,0.0647571,-0.035027,0.0231552,-0,6.84228e-49,-1.01819e-16
0,4,8,1,1,3,367,0.0617623,-0.0383936,0.00612406,-0,-6.84228e-49,-1.04268e-16
0,4,8,1,2,17,368,0.0730752,-0.0326456,0.00142408,-0,0,-1.013e-16
0,4,8,1,2,16,369,0.0709685,-0.031975,0.0208026,-0,6.84228e-49,-1.01783e-16
0,4,8,1,2,15,370,0.0684911,-0.0296822,0.0352909,-0,6.84228e-49,-1.01348e-16
0,4,8,1,2,14,371,0.062921,-0.0346562,0.0087291,-0,0,-1.01232e-16
0,4,8,1,3,22,372,0,0,-0.0004,-0,0,-0
0,4,8,1,3,21,373,0.0594823,-0.0366178,0.00682353,-0,0,-1.00334e-16
0,4,8,1,3,20,374,0.0597438,-0.0341402,0.020377,-0,1.36846e-48,-1.00913e-16
0,4,8,1,3,19,375,0.0591457,-0.037435,0.0065151,-0,6.84228e-49,-1.00092e-16
0,4,8,2,0,5,376,0.0682077,-0.0343112,-0.0038147,-0,6.84228e-49,-1.03787e-16
0,4,8,2,0,6,377,0.0683473,-0.0331756,0.0248185,-0,0,-1.03307e-16
0,4,8,2,0,7,378,0.0679203,-0.0337214,0.0183869,-0,0,-1.02556e-16
0,4,8,2,0,24,379,0.065966,-0.0361415,0.00421862,-0,1.36846e-48,-1.02309e-16
0,4,8,2,1,0,380,0.0641465,-0.0339102,0.00368489,-0,6.84228e-49,-9.21829e-17
0,4,8,2,1,1,381,0.0648037,-0.0345921,0.00437611,-0,1.36846e-48,-1.01914e-16
0,4,8,2,1,2,382,0.0650688,-0.033529,0.0114174,-0,0,-1.00626e-16
0,4,8,2,1,3,383,0.063261,-0.0333376,0.0207052,-0,6.84228e-49,-1.00507e-16
0,4,8,3,0,5,384,0,2.22045e-16,-0.0004,-0,0,-0
0,4,8,3,0,6,385,0.077809,-0.0333704,-0.00636432,-0,-6.84228e-49,-1.00528e-16
0,4,8,3,0,7,386,0.0745866,-0.0316826,0.0114676,-0,1.36846e-48,-1.0138e-16
0,4,8,3,0,24,387,0.0718625,-0.0334793,0.00214161,-0,0,-1.00658e-16
0,4,8,3,1,0,388,0.0811908,-0.034748,-0.0366972,-0,6.84228e-49,-9.48238e-17
0,4,8,3,1,1,389,0.0778121,-0.0345581,-0.0105611,-0,-6.84228e-49,-1.01082e-16
0,4,8,3,1,2,390,0.0739025,-0.0324859,0.0112595,-0,-6.84228e-49,-1.01067e-16
0,4,8,3,1,3,391,0.0723256,-0.0328489,0.0131092,-0,6.84228e-49,-1.00867e-16
0,4,9,3,1,0,392,0.0114452,-0.0535631,-0.0222011,-0,0,-0
0,4,9,3,1,1,393,0.013303,-0.0537107,-0.0100833,-0,0,-0
0,4,9,3,1,2,394,0.0150898,-0.0511431,0.00596736,-0,0,-0
0,4,9,3,1,3,395,0.0157892,-0.0501415,0.0103714,-0,0,-0
0,4,9,3,0,5,396,0.00714104,-0.0581754,-0.0174535,-0,0,-0
0,4,9,3,0,6,397,0.00776505,-0.0586232,-0.0175769,-0,0,-0
0,4,9,3,0,7,398,0.00933013,-0.0575724,-0.01593,-0,0,-0
0,4,9,3,0,24,399,0.0142922,-0.0533325,0.0147852,-0,0,-0
0,4,9,2,1,0,400,0.0130848,-0.0543773,-0.0161965,-0,0,-0
0,4,9,2,1,1,401,0.0116998,-0.0556558,-0.0192311,-0,0,-0
0,4,9,2,1,2,402,0.0125235,-0.0542587,-0.0270071,-0,0,-0
0,4,9,2,1,3,403,0.0141262,-0.0501629,0.00827461,-0,0,-0
0,4,9,2,0,5,404,0.0177137,-0.0533003,-0.00623082,-0,0,-0
0,4,9,2,0,6,405,0.0158839,-0.0538617,-0.00624422,-0,0,-0
0,4,9,2,0,7,406,0.0152283,-0.0546069,-0.0131487,-0,0,-0
0,4,9,2,0,24,407,0.0137345,-0.0484257,0.0229574,-0,0,-0
0,4,9,1,3,22,408,0.0165969,-0.0589528,-0.0235211,-0,0,-0
0,4,9,1,3,21,409,0.0163426,-0.0597996,-0.027607,-0,0,-0
0,4,9,1,3,20,410,0.0155123,-0.0573072,-0.022643,-0,0,-0
0,4,9,1,3,19,411,0.0148854,-0.0484022,0.0436832,-0,0,-0
0,4,9,1,2,17,412,0.0213543,-0.0577544,-0.0109103,-0,0,-0
0,4,9,1,2,16,413,0.0198857,-0.0582604,-0.00922624,-0,0,-0
0,4,9,1,2,15,414,0.0196448,-0.0577757,-0.00743375,-0,0,-0
0,4,9,1,2,14,415,0.0167332,-0.0557034,0.00681988,-0,0,-0
0,4,9,1,1,0,416,0.0125929,-0.0508289,-0.00369223,-0,0,-0
0,4,9,1,1,1,417,0.0144185,-0.0514656,-0.00151919,-0,0,-0
0,4,9,1,1,2,418,0.0138507,-0.0487431,0.0130585,-0,0,-0
0,4,9,1,1,3,419,0.015727,-0.049807,0.0123285,-0,0,-0
0,4,9,0,3,22,420,0.0164987,-0.0532579,-0.0347437,-0,0,-0
0,4,9,0,3,21,421,0.0150069,-0.0528051,-0.0155273,-0,0,-0
0,4,9,0,3,20,422,0.0155889,-0.0515193,-0.00753126,-0,0,-0
0,4,9,0,3,19,423,0.0167216,-0.0518068,-0.00346152,-0,0,-0
0,4,9,0,2,17,424,0.0176153,-0.0504894,-0.039639,-0,0,-0
0,4,9,0,2,16,425,0.0152726,-0.0503544,-0.0205616,-0,0,-0
0,4,9,0,2,15,426,0.0154137,-0.0489763,-0.0118266,-0,0,-0
0,4,9,0,2,14,427,0.0157978,-0.0493875,-0.00590809,-0,0,-0
0,4,8,0,4,12,428,0.0670166,-0.0394273,-0.0166898,-0,0,-9.58015e-17
0,4,8,0,4,11,429,0.0683623,-0.0385342,0.00423832,-0,6.84228e-49,-1.01002e-16
0,4,8,0,4,10,430,0.0670256,-0.039419,0.0111451,-0,6.84228e-49,-1.00533e-16
0,4,8,0,4,9,431,0.065463,-0.0381217,0.0155118,-0,6.84228e-49,-9.99207e-17
0,4,8,0,4,8,432,0.0616648,-0.0384651,0.0235888,-0,-6.84228e-49,-1.1028e-16
0,4,8,1,0,5,433,0.0591642,-0.0396183,-0.0196802,-0,6.84228e-49,-9.73469e-17
0,4,8,1,0,6,434,0.0614248,-0.0382688,0.00361382,-0,0,-1.00496e-16
0,4,8,1,0,7,435,0.0616814,-0.0393826,0.0114349,-0,-6.84228e-49,-1.0144e-16
0,4,8,1,0,24,436,0.0616189,-0.039438,0.0121565,-0,6.84228e-49,-1.01603e-16
0,4,8,1,0,23,437,0.060634,-0.0364826,0.0345814,-0,-6.84228e-49,-1.01156e-16
0,4,8,2,2,17,438,0.0606698,-0.0360932,-0.024742,-0,6.84228e-49,-1.01212e-16
0,4,8,2,2,16,439,0.0599382,-0.0344872,0.00230025,-0,6.84228e-49,-1.0053e-16
0,4,8,2,2,15,440,0.0615933,-0.0354933,0.00534698,-0,-6.84228e-49,-1.02127e-16
0,4,8,2,2,14,441,0.0621883,-0.033035,0.0244112,-0,0,-1.02102e-16
0,4,8,2,2,13,442,0.0620288,-0.0332589,0.0256978,-0,6.84228e-49,-9.71563e-17
0,4,8,2,3,22,443,0.0755895,-0.0373752,-0.0265427,-0,0,-9.31694e-17
0,4,8,2,3,21,444,0.0738728,-0.0360251,-0.00120175,-0,1.36846e-48,-1.00868e-16
0,4,8,2,3,20,445,0.0742799,-0.037863,-0.00171179,-0,0,-1.00204e-16
0,4,8,2,3,19,446,0.0733132,-0.0365217,0.00727729,-0,-6.84228e-49,-1.0097e-16
0,4,8,2,3,18,447,0.069874,-0.0356685,0.0201161,-0,-6.84228e-49,-1.02937e-16
0,4,9,2,3,22,448,0.0172142,-0.0596946,-0.0198809,-0,0,-0
0,4,9,2,3,21,449,0.0179398,-0.0587903,-0.00836121,-0,0,-0
0,4,9,2,3,20,450,0.0161339,-0.0597404,0.0020806,-0,0,-0
0,4,9,2,3,19,451,0.0153789,-0.0581606,0.00875669,-0,0,-0
0,4,9,2,3,18,452,0.0131405,-0.0596709,0.0106061,-0,0,-0
0,4,9,2,2,17,453,0.0172957,-0.0586332,-0.0222589,-0,0,-0
0,4,9,2,2,16,454,0.0177333,-0.058248,-0.00886755,-0,0,-0
0,4,9,2,2,15,455,0.0157656,-0.0595583,-0.0135925,-0,0,-0
0,4,9,2,2,14,456,0.0150249,-0.0590019,-0.00607594,-0,0,-0
0,4,9,2,2,13,457,0.0147391,-0.0581398,0.0032988,-0,0,-0
0,4,9,1,0,5,458,0.0234349,-0.0598396,-0.0240085,-0,0,-0
0,4,9,1,0,6,459,0.0205743,-0.0594893,-0.00585893,-0,0,-0
0,4,9,1,0,7,460,0.020797,-0.0609699,-0.0140148,-0,0,-0
0,4,9,1,0,24,461,0.0191261,-0.0592046,0.000406152,-0,0,-0
0,4,9,1,0,23,462,0.0176772,-0.0565724,0.0228936,-0,0,-0
0,4,9,0,4,12,463,0.017195,-0.0557426,-0.0261379,-0,0,-0
0,4,9,0,4,11,464,0.0141769,-0.0540057,-0.0059536,-0,0,-0
0,4,9,0,4,10,465,0.0149592,-0.0548031,-0.00768201,-0,0,-0
0,4,9,0,4,9,466,0.0157863,-0.0536457,-0.00441205,-0,0,-0
0,4,9,0,4,8,467,0.0152758,-0.0515166,0.0141574,-0,0,-0
1,0,0,0,0,5,468,-0.0633739,0.0308836,-0.0158309,-0,2.73691e-48,-1.02644e-16
1,0,0,0,0,6,469,-0.060966,0.031445,-0.0140266,-0,0,-9.15412e-17
1,0,0,3,1,0,470,0,0,-0.0004,-0,0,-0
1,0,0,3,1,1,471,-0.0700896,0.0227084,-0.0559201,-0,2.73691e-48,-1.05382e-16
1,0,0,3,2,17,472,-0.058307,0.0238605,-0.0562592,-0,0,-7.25e-17
1,0,0,3,2,16,473,-0.0609178,0.0239078,-0.0578143,-0,2.73691e-48,-8.37942e-17
1,0,1,3,2,17,474,-0.000960552,0.0202491,-0.00934356,-0,-0,-0
1,0,1,3,2,16,475,-0.000250811,0.0204036,-0.0203029,-0,-0,-0
1,0,1,3,1,0,476,0,-2.22045e-16,0.0004,-0,-0,-0
1,0,1,3,1,1,477,0.000570095,0.0197524,-0.0276574,-0,-0,-0
1,0,1,0,0,5,478,-0.00376159,0.020872,-0.0549066,-0,-0,-0
1,0,1,0,0,6,479,-0.00553501,0.0221011,-0.0663813,-0,-0,-0
1,0,0,0,1,0,480,0,0,-0.0004,-0,0,-0
1,0,0,0,1,1,481,-0.061766,0.0270777,-0.0213234,-0,5.47382e-48,-9.96746e-17
1,0,0,0,1,2,482,-0.0613448,0.027516,-0.022263,-0,-2.73691e-48,-8.29747e-17
1,0,0,0,2,17,483,-0.0619469,0.0238377,-0.0181721,-0,0,-9.77161e-17
1,0,0,0,2,16,484,-0.0611559,0.0239903,-0.0238835,-0,2.73691e-48,-1.01272e-16
1,0,0,0,2,15,485,-0.0604246,0.0247288,-0.0255534,-0,2.73691e-48,-1.09315e-16
1,0,0,1,0,5,486,-0.0615306,0.0226731,-0.0312936,-0,2.73691e-48,-1.0006e-16
1,0,0,1,0,6,487,-0.0608845,0.0227633,-0.0352364,-0,-2.73691e-48,-1.01537e-16
1,0,0,1,0,7,488,-0.0609598,0.022987,-0.0329668,-0,5.47382e-48,-1.01026e-16
1,0,0,1,1,0,489,4.44089e-16,0,-0.0004,-0,0,-0
1,0,0,1,1,1,490,-0.0767649,0.0185371,-0.0442559,-0,2.73691e-48,-1.02278e-16
1,0,0,1,1,2,491,-0.0714977,0.0201645,-0.0538158,-0,2.73691e-48,-1.03687e-16
1,0,0,1,2,17,492,-0.0694279,0.0217637,-0.0477954,-0,2.73691e-48,-1.03023e-16
1,0,0,1,2,16,493,-0.0672304,0.0217193,-0.0485729,-0,0,-1.02332e-16
1,0,0,1,2,15,494,-0.0653191,0.0226533,-0.058681,-0,-2.73691e-48,-1.07771e-16
1,0,0,2,0,5,495,-0.0705168,0.0186158,-0.0445533,-0,-2.73691e-48,-1.05804e-16
1,0,0,2,0,6,496,-0.0688482,0.0184581,-0.0497039,-0,2.73691e-48,-1.03459e-16
1,0,0,2,0,7,497,-0.0669157,0.0186225,-0.0546775,-0,-2.73691e-48,-1.10088e-16
1,0,0,2,1,0,498,-0.0633157,0.0218761,-0.0388568,-0,-2.73691e-48,-1.01031e-16
1,0,0,2,1,1,499,-0.0645308,0.0219127,-0.0458027,-0,2.73691e-48,-1.03654e-16
1,0,0,2,1,2,500,-0.0640862,0.0227741,-0.0542733,-0,-2.73691e-48,-1.00476e-16
1,0,0,2,2,17,501,-0.0635374,0.0156064,-0.0405909,-0,-2.73691e-48,-9.94161e-17
1,0,0,2,2,16,502,-0.0637854,0.0154683,-0.0487896,-0,-2.73691e-48,-1.04075e-16
1,0,0,2,2,15,503,-0.0632607,0.0160003,-0.0536505,-0,-2.73691e-48,-1.04252e-16
1,0,0,3,0,5,504,-0.0608561,0.0225408,-0.0455023,-0,0,-9.9262e-17
1,0,0,3,0,6,505,-0.0626751,0.0219556,-0.0525811,-0,2.73691e-48,-9.97234e-17
1,0,0,3,0,7,506,-0.0629322,0.0230856,-0.0624487,-0,-2.73691e-48,-1.32661e-16
1,0,1,3,0,5,507,-0.0104321,0.0220726,-0.0176295,-0,-0,-0
1,0,1,3,0,6,508,-0.00715028,0.022608,-0.0296375,-0,-0,-0
1,0,1,3,0,7,509,-0.00498582,0.0222517,-0.0278888,-0,-0,-0
1,0,1,2,2,17,510,-0.000184493,0.0182048,-0.0226026,-0,-0,-0
1,0,1,2,2,16,511,0,0,0.0004,-0,-0,-0
1,0,1,2,2,15,512,-0.00190431,0.0162683,-0.0275786,-0,-0,-0
1,0,1,2,1,0,513,-0.0086431,0.0182478,-0.0315671,-0,-0,-0
1,0,1,2,1,1,514,-0.00551929,0.0179939,-0.0361026,-0,-0,-0
1,0,1,2,1,2,515,-0.00268494,0.0186545,-0.0428448,-0,-0,-0
1,0,1,2,0,5,516,-0.00924412,0.0232317,-0.0455113,-0,-0,-0
1,0,1,2,0,6,517,-0.007718,0.0235086,-0.0559246,-0,-0,-0
1,0,1,2,0,7,518,-0.00622601,0.0235053,-0.0570133,-0,-0,-0
1,0,1,1,2,17,519,0.00669575,0.0184708,-0.0473306,-0,-0,-0
1,0,1,1,2,16,520,0.00518223,0.0184944,-0.0571549,-0,-0,-0
1,0,1,1,2,15,521,0.00258156,0.0181373,-0.0582748,-0,-0,-0
1,0,1,1,1,0,522,-0.00786958,0.0235425,-0.0452584,-0,-0,-0
1,0,1,1,1,1,523,-0.00704353,0.0241099,-0.0572353,-0,-0,-0
1,0,1,1,1,2,524,-0.00529825,0.0236535,-0.0580079,-0,-0,-0
1,0,1,1,0,5,525,-0.00685234,0.0212161,-0.0398626,-0,-0,-0
1,0,1,1,0,6,526,-0.00652993,0.0210873,-0.0517991,-0,-0,-0
1,0,1,1,0,7,527,-0.00580566,0.022062,-0.0626623,-0,-0,-0
1,0,1,0,2,17,528,-0.00224349,0.0213724,-0.0424985,-0,-0,-0
1,0,1,0,2,16,529,-0.00322018,0.021662,-0.059455,-0,-0,-0
1,0,1,0,2,15,530,-0.00219652,0.0212397,-0.0593738,-0,-0,-0
1,0,1,0,1,0,531,-0.00389014,0.0182205,-0.0488856,-0,-0,-0
1,0,1,0,1,1,532,-0.0043983,0.0183329,-0.0585311,-0,-0,-0
1,0,1,0,1,2,533,0,8.88178e-16,0.0004,-0,-0,-0
1,1,2,0,0,5,534,-0.0401666,0.00184613,-0.0221991,-0,-5.47382e-48,-1.02892e-16
1,1,2,0,0,6,535,-0.0395418,0.00196185,-0.00663273,-0,-2.73691e-48,-1.00592e-16
1,1,2,3,1,0,536,0,0,-0.0004,-0,0,-0
1,1,2,3,1,1,537,-0.0520031,0.0073357,-0.0313473,-0,2.73691e-48,-9.93306e-17
1,1,2,3,2,17,538,-0.05179,0.00821046,-0.0486783,-0,0,-8.51117e-17
1,1,2,3,2,16,539,-0.0525746,0.00798577,-0.0387843,-0,2.73691e-48,-8.11872e-17
1,1,3,3,2,17,540,0,0,0.0004,-0,-0,-0
1,1,3,3,2,16,541,0,0,0.0004,-0,-0,-0
1,1,3,3,1,0,542,-0.113745,-0.0119373,0.0004,-0,-0,-0
1,1,3,3,1,1,543,0.0196541,0.00622517,-0.00934847,-0,-0,-0
1,1,3,0,0,5,544,0.00926029,0.00988052,-0.0496873,-0,-0,-0
1,1,3,0,0,6,545,0.00779158,0.0108895,-0.0413522,-0,-0,-0
1,1,2,0,1,0,546,0,0,-0.0004,-0,0,-0
1,1,2,0,1,1,547,0,0,-0.0004,-0,0,-0
1,1,2,0,1,2,548,-8.88178e-16,0,-0.0004,-0,0,-0
1,1,2,0,2,17,549,0,2.22045e-16,-0.0004,-0,0,-0
1,1,2,0,2,16,550,0,0,-0.0004,-0,0,-0
1,1,2,0,2,15,551,0,0,-0.0004,-0,0,-0
1,1,2,1,0,5,552,-0.0403682,0.00328428,-0.0322104,-0,0,-1.00829e-16
1,1,2,1,0,6,553,-0.0405731,0.00193642,-0.000835112,-0,5.47382e-48,-1.01731e-16
1,1,2,1,0,7,554,-0.0399202,0.00279989,-0.00167557,-0,0,-1.01726e-16
1,1,2,1,1,0,555,-0.0435163,0.00365636,-0.0275144,-0,-2.73691e-48,-1.01748e-16
1,1,2,1,1,1,556,-0.0436375,0.00218305,-0.0072611,-0,2.73691e-48,-1.00865e-16
1,1,2,1,1,2,557,-0.0431859,0.00441914,-0.00773022,-0,0,-1.02248e-16
1,1,2,1,2,17,558,-0.0473303,-7.71536e-05,-0.0297433,-0,2.73691e-48,-1.00068e-16
1,1,2,1,2,16,559,-0.0468755,-0.00159511,-0.010555,-0,0,-1.01207e-16
1,1,2,1,2,15,560,-0.0456235,-0.00097292,0.00534797,-0,-2.73691e-48,-1.01436e-16
1,1,2,2,0,5,561,-0.051166,-0.00163829,-0.0279835,-0,2.73691e-48,-1.0113e-16
1,1,2,2,0,6,562,-0.0494339,-0.00359822,-0.00328907,-0,0,-1.02879e-16
1,1,2,2,0,7,563,-0.0481677,-0.00236082,0.00674511,-0,0,-1.0149e-16
1,1,2,2,1,0,564,-0.0178408,0.00807221,-0.0004,-0,0,-0
1,1,2,2,1,1,565,-0.0456716,0.0023803,-0.0186881,-0,-2.73691e-48,-1.01942e-16
1,1,2,2,1,2,566,-0.0470435,0.00328073,-0.0114061,-0,-2.73691e-48,-1.01067e-16
1,1,2,2,2,17,567,-0.0548019,0.0010925,-0.0428496,-0,-2.73691e-48,-1.00711e-16
1,1,2,2,2,16,568,-0.0533513,0.000487788,-0.0210288,-0,5.47382e-48,-1.02894e-16
1,1,2,2,2,15,569,-0.0505139,5.37546e-05,-0.00924531,-0,0,-1.00396e-16
1,1,2,3,0,5,570,-0.0474935,0.0057287,-0.038686,-0,2.73691e-48,-9.84813e-17
1,1,2,3,0,6,571,-0.0488577,0.00510341,-0.0303216,-0,5.47382e-48,-1.01065e-16
1,1,2,3,0,7,572,-0.0490557,0.00467522,-0.0159181,-0,0,-1.06695e-16
1,1,3,3,0,5,573,0.0112623,0.0083118,-0.0252257,-0,-0,-0
1,1,3,3,0,6,574,0.0107143,0.00734308,-0.0126022,-0,-0,-0
1,1,3,3,0,7,575,0.0105831,0.0089329,-0.00175062,-0,-0,-0
1,1,3,2,2,17,576,0.00546969,0.00902215,-0.0333978,-0,-0,-0
1,1,3,2,2,16,577,0.00692549,0.00858814,-0.0238425,-0,-0,-0
1,1,3,2,2,15,578,0.00719139,0.00682997,0.00561308,-0,-0,-0
1,1,3,2,1,0,579,0,0,0.0004,-0,-0,-0
1,1,3,2,1,1,580,0,-8.88178e-16,0.0004,-0,-0,-0
1,1,3,2,1,2,581,0,-8.88178e-16,0.0004,-0,-0,-0
1,1,3,2,0,5,582,0.00904555,0.0104677,-0.0339895,-0,-0,-0
1,1,3,2,0,6,583,0.00840135,0.00879999,-0.0166042,-0,-0,-0
1,1,3,2,0,7,584,0.00722638,0.0101313,-0.0111753,-0,-0,-0
1,1,3,1,2,17,585,0.0094008,0.00852981,-0.0309711,-0,-0,-0
1,1,3,1,2,16,586,0.00894357,0.00761909,-0.0198684,-0,-0,-0
1,1,3,1,2,15,587,0.00867722,0.00786407,-0.00866373,-0,-0,-0
1,1,3,1,1,0,588,0.00406039,0.0105727,-0.0320807,-0,-0,-0
1,1,3,1,1,1,589,0.00478784,0.00898642,-0.0158456,-0,-0,-0
1,1,3,1,1,2,590,0.00492442,0.00987907,-0.00521259,-0,-0,-0
1,1,3,1,0,5,591,0.00853021,0.0116266,-0.0416846,-0,-0,-0
1,1,3,1,0,6,592,0.00827809,0.0111484,-0.0255002,-0,-0,-0
1,1,3,1,0,7,593,0.008501,0.00986477,-0.0057789,-0,-0,-0
1,1,3,0,2,17,594,0.0158573,0.00945257,-0.0443538,-0,-0,-0
1,1,3,0,2,16,595,0.0145965,0.0081521,-0.0305562,-0,-0,-0
1,1,3,0,2,15,596,0.012642,0.00831216,-0.0149702,-0,-0,-0
1,1,3,0,1,0,597,0.0149901,0.0133785,-0.0467229,-0,-0,-0
1,1,3,0,1,1,598,0.013105,0.0127317,-0.0410914,-0,-0,-0
1,1,3,0,1,2,599,0.0111273,0.0132007,-0.0322385,-0,-0,-0
1,2,4,0,0,5,600,-0.0266515,0.00825562,0.162498,-0,-2.73691e-48,-9.80131e-17
1,2,4,0,0,6,601,-0.0246365,0.0087984,0.149907,-0,2.73691e-48,-9.41385e-17
1,2,4,3,3,22,602,-0.0449893,0.0114954,0.121759,-0,2.73691e-48,-9.67922e-17
1,2,4,3,3,21,603,-0.0415252,0.01203,0.10248,-0,2.73691e-48,-9.39612e-17
1,2,5,3,3,22,604,0.030342,0.00669968,0.158949,-0,-0,-0
1,2,5,3,3,21,605,0.0352405,0.00767331,0.136173,-0,-0,-0
1,2,5,0,0,5,606,0.039364,0.00276957,0.128052,-0,-0,-0
1,2,5,0,0,6,607,0.0983346,0.237526,0.0004,-0,-0,-0
1,2,4,0,1,0,608,-0.0291309,0.00701928,0.15792,-0,0,-9.27455e-17
1,2,4,0,1,1,609,-0.0274335,0.00658914,0.142183,-0,2.73691e-48,-1.00087e-16
1,2,4,0,1,2,610,-0.0270692,0.00689128,0.141236,-0,2.73691e-48,-1.1472e-16
1,2,4,0,2,17,611,-0.0401725,0.00997358,0.154105,-0,0,-1.0045e-16
1,2,4,0,2,16,612,-0.0359287,0.0100833,0.142974,-0,0,-1.00665e-16
1,2,4,0,2,15,613,-0.0311593,0.0110577,0.134894,-0,-2.73691e-48,-1.03372e-16
1,2,4,1,2,17,614,-0.0283074,0.00371511,0.127602,-0,0,-9.94508e-17
1,2,4,1,2,16,615,-0.0285089,0.00321527,0.121969,-0,0,-1.00789e-16
1,2,4,1,2,15,616,-0.0285958,0.00366237,0.113762,-0,0,-1.02922e-16
1,2,4,2,0,5,617,-0.032832,0.00847777,0.127393,-0,0,-9.56984e-17
1,2,4,2,0,6,618,-0.0329687,0.00846918,0.116401,-0,0,-1.01137e-16
1,2,4,2,0,7,619,-0.0323296,0.00887126,0.109019,-0,2.73691e-48,-1.006e-16
1,2,4,2,1,0,620,-0.0239788,0.00399219,0.127437,-0,0,-9.57357e-17
1,2,4,2,1,1,621,-0.0265141,0.00414457,0.11702,-0,-2.73691e-48,-1.02765e-16
1,2,4,2,1,2,622,-0.0275052,0.000534735,0.143582,-0,0,-1.01284e-16
1,2,4,3,1,0,623,-0.0315252,0.00626974,0.126752,-0,-2.73691e-48,-9.70917e-17
1,2,4,3,1,1,624,0,0,-0.0004,-0,0,-0
1,2,4,3,1,2,625,-0.0315575,0.00625143,0.112676,-0,0,-1.00639e-16
1,2,4,3,2,17,626,-0.0284389,0.276031,-0.0004,-0,0,-0
1,2,4,3,2,16,627,-0.0283394,0.0110418,0.116633,-0,0,-1.00613e-16
1,2,4,3,2,15,628,-0.030638,0.0111292,0.117809,-0,0,-1.21758e-16
1,2,5,3,2,17,629,0.0394414,0.00709989,0.158896,-0,-0,-0
1,2,5,3,2,16,630,0.0398089,0.00708261,0.140375,-0,-0,-0
1,2,5,3,2,15,631,0.038517,0.00645599,0.139521,-0,-0,-0
1,2,5,3,1,0,632,0.036097,-0.00097388,0.155175,-0,-0,-0
1,2,5,3,1,1,633,0.0357538,-0.00112051,0.139009,-0,-0,-0
1,2,5,3,1,2,634,0.0355628,0.000165494,0.119747,-0,-0,-0
1,2,5,2,1,0,635,0.0477363,0.00307427,0.127335,-0,-0,-0
1,2,5,2,1,1,636,0.0448598,0.00303631,0.115473,-0,-0,-0
1,2,5,2,1,2,637,0.0399015,0.00606754,0.0867272,-0,-0,-0
1,2,5,2,0,5,638,0.0387735,0.00834031,0.124367,-0,-0,-0
1,2,5,2,0,6,639,0.0385163,0.00804714,0.113895,-0,-0,-0
1,2,5,2,0,7,640,0.0374741,0.0105883,0.0885071,-0,-0,-0
1,2,5,1,2,17,641,0.038413,0.0101882,0.1285,-0,-0,-0
1,2,5,1,2,16,642,0.0372101,0.00939974,0.118674,-0,-0,-0
1,2,5,1,2,15,643,0.0344848,0.0120738,0.0906297,-0,-0,-0
1,2,5,0,2,17,644,0.0318812,0.00865923,0.128853,-0,-0,-0
1,2,5,0,2,16,645,0.0316382,0.00879894,0.114044,-0,-0,-0
1,2,5,0,2,15,646,0.0302596,0.00980084,0.0936906,-0,-0,-0
1,2,5,0,1,0,647,0.0358342,0.0101735,0.129586,-0,-0,-0
1,2,5,0,1,1,648,0.0336983,0.0100118,0.112178,-0,-0,-0
1,2,5,0,1,2,649,-0.260554,0.121031,0.0004,-0,-0,-0
1,2,4,1,0,5,650,-0.0336126,0.00562235,0.148451,-0,2.73691e-48,-9.66006e-17
1,2,4,1,0,6,651,-0.0329608,0.00652712,0.138372,-0,0,-9.98798e-17
1,2,4,1,0,7,652,-0.0324635,0.00659174,0.130666,-0,-2.73691e-48,-1.03157e-16
1,2,4,1,0,24,653,-0.0331338,0.00639963,0.127638,-0,-2.73691e-48,-9.70946e-17
1,2,4,1,1,0,654,-0.0215427,0.00382483,0.141572,-0,0,-1.05391e-16
1,2,4,1,1,1,655,-0.0239325,0.0045527,0.132638,-0,0,-1.03548e-16
1,2,4,1,1,2,656,-0.0258359,0.00482361,0.122431,-0,-2.73691e-48,-1.02705e-16
1,2,4,1,1,3,657,-0.0279232,0.00540017,0.114863,-0,2.73691e-48,-1.16579e-16
1,2,4,2,2,17,658,-0.0276373,0.00164843,0.133677,-0,0,-9.06999e-17
1,2,4,2,2,16,659,-0.0291156,0.00276602,0.127755,-0,2.73691e-48,-9.95731e-17
1,2,4,2,2,15,660,-0.0290645,0.00162315,0.129318,-0,0,-1.02476e-16
1,2,4,2,2,14,661,-0.0288304,0.00263486,0.120941,-0,0,-1.16514e-16
1,2,4,3,0,5,662,-0.0309068,0.00467042,0.130715,-0,-2.73691e-48,-1.0081e-16
1,2,4,3,0,6,663,-0.0308363,0.00482467,0.125705,-0,0,-1.01961e-16
1,2,4,3,0,7,664,-0.0298207,0.00375781,0.123191,-0,0,-1.01086e-16
1,2,4,3,0,24,665,-0.0306092,0.00534775,0.114123,-0,0,-1.20365e-16
1,2,5,3,0,5,666,0.0442368,0.00385375,0.148181,-0,-0,-0
1,2,5,3,0,6,667,0.0437057,0.00494198,0.130116,-0,-0,-0
1,2,5,3,0,7,668,0.0419821,0.00530754,0.113679,-0,-0,-0
1,2,5,3,0,24,669,0.0397163,0.00523242,0.105502,-0,-0,-0
1,2,5,2,2,17,670,0.0432851,0.000936609,0.142858,-0,-0,-0
1,2,5,2,2,16,671,0.0428555,0.00126131,0.128652,-0,-0,-0
1,2,5,2,2,15,672,0.0403861,0.00222789,0.108738,-0,-0,-0
1,2,5,2,2,14,673,0.0372963,0.0021975,0.0991982,-0,-0,-0
1,2,5,1,1,0,674,-0.2373,-0.151119,-0.354509,-0,-0,-0
1,2,5,1,1,1,675,0.0440729,0.00636306,0.124011,-0,-0,-0
1,2,5,1,1,2,676,0.0413686,0.00678943,0.107612,-0,-0,-0
1,2,5,1,1,3,677,0.0394111,0.00560237,0.106318,-0,-0,-0
1,2,5,1,0,5,678,0.0478408,0.00773164,0.133361,-0,-0,-0
1,2,5,1,0,6,679,0.0449653,0.00866629,0.121436,-0,-0,-0
1,2,5,1,0,7,680,0.0416885,0.00740713,0.114329,-0,-0,-0
1,2,5,1,0,24,681,0.0385028,0.00879154,0.103849,-0,-0,-0
1,3,6,0,0,5,682,-0.0238102,-0.0366256,0.0261113,-0,0,-9.67247e-17
1,3,6,0,0,6,683,-0.020937,-0.0373938,0.0119102,-0,2.73691e-48,-1.02041e-16
1,3,6,0,0,7,684,-0.0175007,-0.0360157,-0.00879461,-0,0,-1.00452e-16
1,3,6,0,1,0,685,-0.0258229,-0.037172,0.0226952,-0,0,-9.54304e-17
1,3,6,0,1,1,686,-0.022315,-0.0380886,0.0106992,-0,0,-9.23289e-17
1,3,6,0,1,2,687,-0.0186217,-0.0371868,-0.00496081,-0,2.73691e-48,-9.96089e-17
1,3,6,3,1,0,688,-0.0324967,-0.0293069,-0.0170767,-0,2.73691e-48,-9.55803e-17
1,3,6,3,1,1,689,-0.0309034,-0.0298665,-0.0275077,-0,0,-1.01905e-16
1,3,6,3,1,2,690,-0.0294831,-0.029157,-0.0414301,-0,0,-9.78544e-17
1,3,6,3,2,17,691,-0.0295608,-0.034901,-0.0116552,-0,5.47382e-48,-1.01251e-16
1,3,6,3,2,16,692,-0.0298763,-0.0356019,-0.0195181,-0,0,-9.62844e-17
1,3,6,3,2,15,693,-0.0316637,-0.0344346,-0.0406301,-0,0,-1.02208e-16
1,3,6,3,3,22,694,-0.0322609,-0.0294508,-0.0261229,-0,2.73691e-48,-8.15974e-17
1,3,6,3,3,21,695,-0.0340346,-0.0289285,-0.0470323,-0,2.73691e-48,-9.00996e-17
1,3,6,3,3,20,696,-0.0315639,-0.029454,-0.0485696,-0,-2.73691e-48,-1.20689e-16
1,3,7,3,3,22,697,0.0423527,-0.0331208,0.037051,-0,-0,-0
1,3,7,3,3,21,698,0.0446849,-0.0329686,0.0134528,-0,-0,-0
1,3,7,3,3,20,699,0.0456596,-0.0320058,-0.00588772,-0,-0,-0
1,3,7,3,2,17,700,0.0514254,-0.0282262,0.0228457,-0,-0,-0
1,3,7,3,2,16,701,0.0502149,-0.028664,0.0127744,-0,-0,-0
1,3,7,3,2,15,702,0.0481758,-0.027983,-0.000282728,-0,-0,-0
1,3,7,3,1,0,703,0.0472928,-0.0263806,0.0232549,-0,-0,-0
1,3,7,3,1,1,704,0.0456448,-0.0267957,0.0111482,-0,-0,-0
1,3,7,3,1,2,705,0.0431215,-0.0271215,0.00117136,-0,-0,-0
1,3,7,0,1,0,706,0.0346362,-0.0215652,-0.0116755,-0,-0,-0
1,3,7,0,1,1,707,0.0331769,-0.0221405,-0.0279719,-0,-0,-0
1,3,7,0,1,2,708,0.0320943,-0.0216053,-0.0398893,-0,-0,-0
1,3,7,0,0,5,709,0.0345098,-0.0240484,-0.0091064,-0,-0,-0
1,3,7,0,0,6,710,0.0335262,-0.0244713,-0.0216801,-0,-0,-0
1,3,7,0,0,7,711,0.0321273,-0.0241101,-0.0353929,-0,-0,-0
1,3,6,0,2,17,712,-0.0205325,-0.0282256,0.0232256,-0,0,-9.87982e-17
1,3,6,0,2,16,713,-0.0200496,-0.0276213,0.0130124,-0,5.47382e-48,-1.01515e-16
1,3,6,0,2,15,714,-0.0189318,-0.0281609,0.000283854,-0,2.73691e-48,-1.01426e-16
1,3,6,0,2,14,715,-0.0177842,-0.027115,-0.00984044,-0,-2.73691e-48,-1.02026e-16
1,3,6,0,3,22,716,-0.0195472,-0.0278634,0.0152281,-0,2.73691e-48,-9.40207e-17
1,3,6,0,3,21,717,-0.0187144,-0.0264649,0.00475849,-0,2.73691e-48,-9.86358e-17
1,3,6,0,3,20,718,-0.0173261,-0.0266633,-0.0112459,-0,2.73691e-48,-9.86412e-17
1,3,6,0,3,19,719,-0.0171026,-0.0273718,-0.0173071,-0,2.73691e-48,-1.02405e-16
1,3,6,1,0,5,720,-0.0149909,-0.026355,0.0184818,-0,0,-9.84599e-17
1,3,6,1,0,6,721,-0.0146942,-0.0249453,0.00756907,-0,0,-1.0159e-16
1,3,6,1,0,7,722,-0.0147911,-0.0252571,-0.00493859,-0,0,-1.0216e-16
1,3,6,1,0,24,723,-0.0143913,-0.0230316,-0.0263054,-0,5.47382e-48,-1.01827e-16
1,3,6,1,1,0,724,-0.0168326,-0.0271462,0.000164283,-0,0,-9.81849e-17
1,3,6,1,1,1,725,-0.0179498,-0.0267852,-0.00451583,-0,0,-9.8308e-17
1,3,6,1,1,2,726,-0.018454,-0.027956,-0.00729205,-0,2.73691e-48,-9.909e-17
1,3,6,1,1,3,727,-0.0175647,-0.0265208,-0.0253439,-0,-2.73691e-48,-1.04562e-16
1,3,6,1,2,17,728,-0.0239204,-0.0333581,0.000936034,-0,2.73691e-48,-1.01827e-16
1,3,6,1,2,16,729,-0.0245659,-0.033952,0.000466286,-0,-2.73691e-48,-1.02051e-16
1,3,6,1,2,15,730,-0.0239121,-0.0337358,-0.0170604,-0,0,-1.02165e-16
1,3,6,1,2,14,731,-0.0228632,-0.0357016,-0.0122391,-0,-2.73691e-48,-1.01357e-16
1,3,6,1,3,22,732,-0.0281332,-0.0304707,-0.00083744,-0,0,-1.01233e-16
1,3,6,1,3,21,733,-0.0266849,-0.0302076,-0.0138968,-0,0,-1.01461e-16
1,3,6,1,3,20,734,-0.0253435,-0.0311702,-0.0241238,-0,0,-1.01158e-16
1,3,6,1,3,19,735,-0.0230169,-0.0321755,-0.0295666,-0,-2.73691e-48,-1.01721e-16
1,3,6,2,0,5,736,-0.022615,-0.0305023,-0.00237953,-0,0,-1.03373e-16
1,3,6,2,0,6,737,-0.0229423,-0.0307822,-0.00768184,-0,2.73691e-48,-1.02739e-16
1,3,6,2,0,7,738,-0.0224818,-0.0317348,-0.0192936,-0,0,-1.03276e-16
1,3,6,2,0,24,739,-0.0218588,-0.0345482,-0.00679344,-0,0,-1.05754e-16
1,3,6,2,1,0,740,-0.0259436,-0.0325327,-0.00650244,-0,0,-9.31689e-17
1,3,6,2,1,1,741,-0.0261746,-0.0323957,-0.0146798,-0,0,-1.02311e-16
1,3,6,2,1,2,742,-0.0256054,-0.0333391,-0.0247137,-0,0,-1.01752e-16
1,3,6,2,1,3,743,-0.0246684,-0.0328986,-0.0294747,-0,0,-9.73771e-17
1,3,6,2,2,17,744,-0.0360664,-0.0307501,-0.00907225,-0,-2.73691e-48,-9.95333e-17
1,3,6,2,2,16,745,-0.0348652,-0.030905,-0.00826112,-0,-2.73691e-48,-1.00636e-16
1,3,6,2,2,15,746,-0.0323689,-0.0324387,-0.0043517,-0,5.47382e-48,-1.02509e-16
1,3,6,2,2,14,747,-0.0293689,-0.0316816,-0.021837,-0,0,-1.02032e-16
1,3,6,2,3,22,748,-0.0328145,-0.0324323,-0.0124993,-0,-2.73691e-48,-9.84756e-17
1,3,6,2,3,21,749,-0.0330504,-0.0314473,-0.0139088,-0,0,-1.01297e-16
1,3,6,2,3,20,750,-0.0311652,-0.0335197,-0.000712685,-0,-2.73691e-48,-1.01941e-16
1,3,6,2,3,19,751,-0.0323269,-0.030529,-0.034679,-0,-2.73691e-48,-1.00534e-16
1,3,6,3,0,5,752,-0.0321279,-0.0356706,-0.0189479,-0,-2.73691e-48,-9.45629e-17
1,3,6,3,0,6,753,-0.0310679,-0.03511,-0.0177193,-0,2.73691e-48,-1.00911e-16
1,3,6,3,0,7,754,-0.0309827,-0.0354921,-0.0247082,-0,2.73691e-48,-9.99283e-17
1,3,6,3,0,24,755,-0.026661,-0.0389604,-0.0113393,-0,2.73691e-48,-1.00166e-16
1,3,7,3,0,5,756,0.0392627,-0.0253431,0.0222244,-0,-0,-0
1,3,7,3,0,6,757,0.0407364,-0.0242928,0.00298992,-0,-0,-0
1,3,7,3,0,7,758,0.0405794,-0.0252879,-0.0088918,-0,-0,-0
1,3,7,3,0,24,759,0.0401389,-0.0248095,-0.0237826,-0,-0,-0
1,3,7,2,3,22,760,0.0420602,-0.024392,0.0235116,-0,-0,-0
1,3,7,2,3,21,761,0.0441748,-0.0225779,-0.0013124,-0,-0,-0
1,3,7,2,3,20,762,0.043529,-0.0231179,-0.0154452,-0,-0,-0
1,3,7,2,3,19,763,0.0431349,-0.0236507,-0.0294542,-0,-0,-0
1,3,7,2,2,17,764,0.0419842,-0.0263376,0.0181193,-0,-0,-0
1,3,7,2,2,16,765,0.044424,-0.0245315,-0.00590614,-0,-0,-0
1,3,7,2,2,15,766,0.0439508,-0.0257281,-0.0167588,-0,-0,-0
1,3,7,2,2,14,767,0.0421212,-0.026311,-0.0282416,-0,-0,-0
1,3,7,2,1,0,768,0.0373677,-0.0215524,0.000691013,-0,-0,-0
1,3,7,2,1,1,769,0.037878,-0.0208796,-0.0101859,-0,-0,-0
1,3,7,2,1,2,770,0.0382908,-0.0220466,-0.0196176,-0,-0,-0
1,3,7,2,1,3,771,0.0376973,-0.0207299,-0.0412645,-0,-0,-0
1,3,7,2,0,5,772,0.0396638,-0.0238693,-0.00730931,-0,-0,-0
1,3,7,2,0,6,773,0.0399083,-0.0238326,-0.0184789,-0,-0,-0
1,3,7,2,0,7,774,0.0389563,-0.0246518,-0.0356559,-0,-0,-0
1,3,7,2,0,24,775,0.0380116,-0.0270509,-0.0347424,-0,-0,-0
1,3,7,1,3,22,776,0.0436555,-0.0278239,-0.00815532,-0,-0,-0
1,3,7,1,3,21,777,0.0430636,-0.0272258,-0.0205537,-0,-0,-0
1,3,7,1,3,20,778,0,0,0.0004,-0,-0,-0
1,3,7,1,3,19,779,0.0390548,-0.0233847,-0.0845152,-0,-0,-0
1,3,7,1,2,17,780,0.0338717,-0.0192322,-0.015671,-0,-0,-0
1,3,7,1,2,16,781,0.0347467,-0.0197188,-0.0196299,-0,-0,-0
1,3,7,1,2,15,782,0.0341555,-0.0178687,-0.0495834,-0,-0,-0
1,3,7,1,2,14,783,0.0329802,-0.0171989,-0.086005,-0,-0,-0
1,3,7,1,1,0,784,0.0414519,-0.0244686,-0.00995423,-0,-0,-0
1,3,7,1,1,1,785,0.0410544,-0.0234279,-0.0197672,-0,-0,-0
1,3,7,1,1,2,786,0.0391969,-0.021919,-0.0537129,-0,-0,-0
1,3,7,1,1,3,787,0.037358,-0.0184285,-0.109472,-0,-0,-0
1,3,7,1,0,5,788,0.0346837,-0.0214426,-0.0103486,-0,-0,-0
1,3,7,1,0,6,789,0.0348713,-0.0202483,-0.0141195,-0,-0,-0
1,3,7,1,0,7,790,0.0347211,-0.0204168,-0.0284312,-0,-0,-0
1,3,7,1,0,24,791,0.0360156,-0.0242643,-0.014271,-0,-0,-0
1,3,7,0,3,22,792,0.0251407,-0.0290883,-0.0108349,-0,-0,-0
1,3,7,0,3,21,793,0.0268891,-0.0283892,-0.0163686,-0,-0,-0
1,3,7,0,3,20,794,0.0285207,-0.0300128,-0.0216056,-0,-0,-0
1,3,7,0,3,19,795,0.0302719,-0.0308493,-0.0250293,-0,-0,-0
1,3,7,0,2,17,796,0.0306636,-0.0236657,-0.0187005,-0,-0,-0
1,3,7,0,2,16,797,0.0319849,-0.0230854,-0.0291064,-0,-0,-0
1,3,7,0,2,15,798,0.0335304,-0.0243146,-0.0282078,-0,-0,-0
1,3,7,0,2,14,799,0.0320043,-0.024298,-0.0463524,-0,-0,-0
1,4,8,0,0,5,800,-0.0209587,-0.0306252,-0.0219792,-0,0,-9.66806e-17
1,4,8,0,0,6,801,-0.0166369,-0.0315781,-5.48433e-05,-0,2.73691e-48,-1.02735e-16
1,4,8,0,0,7,802,-0.0120701,-0.0320474,0.0189358,-0,2.73691e-48,-9.8958e-17
1,4,8,0,1,0,803,-0.0162382,-0.0300617,-0.0238969,-0,2.73691e-48,-9.20195e-17
1,4,8,0,1,1,804,-0.0111898,-0.0299335,-0.0109363,-0,-2.73691e-48,-9.84789e-17
1,4,8,0,1,2,805,-0.0109732,-0.0311561,0.0292765,-0,0,-9.95054e-17
1,4,8,3,2,17,806,-0.0382326,-0.0211229,-0.0443319,-0,0,-9.50615e-17
1,4,8,3,2,16,807,-0.0323866,-0.02261,-0.0122501,-0,0,-1.01714e-16
1,4,8,3,2,15,808,-0.0290573,-0.0217552,-0.000879678,-0,-2.73691e-48,-1.00034e-16
1,4,8,3,3,22,809,-0.0312329,-0.0276706,-0.0396541,-0,-2.73691e-48,-1.01945e-16
1,4,8,3,3,21,810,-0.0266249,-0.0286698,-0.0104574,-0,0,-9.98447e-17
1,4,8,3,3,20,811,-0.0253843,-0.0278885,5.54097e-05,-0,2.73691e-48,-9.93841e-17
1,4,9,3,3,22,812,0.0553318,-0.0094324,-0.0497677,-0,-0,-0
1,4,9,3,3,21,813,0.0523193,-0.0105458,-0.0349305,-0,-0,-0
1,4,9,3,3,20,814,0.0471141,-0.0112902,-0.0124773,-0,-0,-0
1,4,9,3,2,17,815,0.0728899,-0.0121574,-0.0736952,-0,-0,-0
1,4,9,3,2,16,816,0.0621468,-0.0141558,-0.0215229,-0,-0,-0
1,4,9,3,2,15,817,0.0520199,-0.01467,0.00165495,-0,-0,-0
1,4,9,0,1,0,818,0.0432382,-0.00376296,-0.0557633,-0,-0,-0
1,4,9,0,1,1,819,0.0411983,-0.00514686,-0.0277158,-0,-0,-0
1,4,9,0,1,2,820,0.0375968,-0.00496961,-0.0132947,-0,-0,-0
1,4,9,0,0,5,821,0.0430268,-0.000185943,-0.05635,-0,-0,-0
1,4,9,0,0,6,822,0.0431288,-0.00176253,-0.0195306,-0,-0,-0
1,4,9,0,0,7,823,0.0375246,-0.00118183,-0.0109375,-0,-0,-0
1,4,8,0,2,17,824,-0.0160201,-0.0311257,-0.0350104,-0,5.47382e-48,-9.91006e-17
1,4,8,0,2,16,825,-0.0139902,-0.0302519,-0.00922976,-0,0,-9.9388e-17
1,4,8,0,2,15,826,-0.0123688,-0.0321276,0.0276261,-0,0,-9.97031e-17
1,4,8,0,2,14,827,-0.0107189,-0.0347957,0.0663648,-0,2.73691e-48,-1.07071e-16
1,4,8,0,3,22,828,-0.0146516,-0.0236125,-0.0386326,-0,2.73691e-48,-9.49817e-17
1,4,8,0,3,21,829,-0.0131914,-0.0235583,-0.00813143,-0,2.73691e-48,-9.9611e-17
1,4,8,0,3,20,830,-0.0113238,-0.025248,0.0243323,-0,-2.73691e-48,-9.93372e-17
1,4,8,0,3,19,831,-0.0102071,-0.0271352,0.060557,-0,-5.47382e-48,-9.79747e-17
1,4,8,1,1,0,832,-0.0253542,-0.0222524,-0.0020187,-0,5.47382e-48,-1.00422e-16
1,4,8,1,1,1,833,-0.0231338,-0.0232392,0.0331611,-0,-5.47382e-48,-1.02818e-16
1,4,8,1,1,2,834,-0.0190861,-0.0264016,0.0721429,-0,0,-1.01626e-16
1,4,8,1,1,3,835,-0.0144645,-0.0293976,0.111221,-0,-2.73691e-48,-1.02567e-16
1,4,8,1,2,17,836,-0.0225212,-0.0250743,0.0163049,-0,0,-1.00613e-16
1,4,8,1,2,16,837,-0.0200494,-0.0269109,0.0553385,-0,-2.73691e-48,-1.00769e-16
1,4,8,1,2,15,838,-0.0165161,-0.0300542,0.0902236,-0,0,-1.0101e-16
1,4,8,1,2,14,839,-0.0130002,-0.0324777,0.127015,-0,5.47382e-48,-1.00126e-16
1,4,8,1,3,22,840,-0.0253108,-0.0198888,0.0134259,-0,0,-1.01422e-16
1,4,8,1,3,21,841,-0.022029,-0.0216609,0.0542571,-0,2.73691e-48,-1.01686e-16
1,4,8,1,3,20,842,-0.0185352,-0.0229722,0.0777355,-0,2.73691e-48,-1.0116e-16
1,4,8,1,3,19,843,-0.015173,-0.0284019,0.131379,-0,0,-1.01472e-16
1,4,8,2,0,5,844,-0.0226397,-0.0209369,0.0170951,-0,2.73691e-48,-1.03287e-16
1,4,8,2,0,6,845,-0.0202371,-0.0223475,0.0533182,-0,2.73691e-48,-1.02728e-16
1,4,8,2,0,7,846,-0.0169407,-0.0257908,0.091124,-0,-2.73691e-48,-1.05478e-16
1,4,8,2,0,24,847,-0.013374,-0.0263951,0.123375,-0,2.73691e-48,-1.00239e-16
1,4,8,2,1,0,848,-0.0248069,-0.0171717,-0.00528208,-0,2.73691e-48,-9.16555e-17
1,4,8,2,1,1,849,-0.020858,-0.0199438,0.0493287,-0,-5.47382e-48,-1.01523e-16
1,4,8,2,1,2,850,-0.0167796,-0.0249899,0.104352,-0,0,-1.01579e-16
1,4,8,2,1,3,851,-0.0137423,-0.0215261,0.0997831,-0,0,-1.014e-16
1,4,8,3,0,5,852,-0.0385501,-0.0183465,-0.0489624,-0,-2.73691e-48,-9.65325e-17
1,4,8,3,0,6,853,-0.0322661,-0.0190104,-0.00369223,-0,0,-1.00843e-16
1,4,8,3,0,7,854,-0.0264487,-0.0217426,0.0383199,-0,-2.73691e-48,-1.01596e-16
1,4,8,3,0,24,855,-0.022143,-0.0221648,0.0661358,-0,0,-1.01145e-16
1,4,8,3,1,0,856,-0.0380601,-0.0241065,-0.0480009,-0,2.73691e-48,-9.6242e-17
1,4,8,3,1,1,857,-0.031939,-0.0251555,-0.00862586,-0,0,-1.01913e-16
1,4,8,3,1,2,858,-0.0262509,-0.0277045,0.0313738,-0,2.73691e-48,-1.01458e-16
1,4,8,3,1,3,859,-0.0196225,-0.0292669,0.0675253,-0,0,-1.00142e-16
1,4,9,3,1,0,860,0.0554538,-0.00757842,-0.0611283,-0,-0,-0
1,4,9,3,1,1,861,0.0530976,-0.00743088,-0.0379803,-0,-0,-0
1,4,9,3,1,2,862,0.0491582,-0.00967903,-0.00320423,-0,-0,-0
1,4,9,3,1,3,863,0.0449069,-0.0116189,0.025343,-0,-0,-0
1,4,9,3,0,5,864,0.0604828,-0.00417367,-0.0576913,-0,-0,-0
1,4,9,3,0,6,865,0.0577737,-0.00458894,-0.0314268,-0,-0,-0
1,4,9,3,0,7,866,0.0542406,-0.00572043,-0.0155076,-0,-0,-0
1,4,9,3,0,24,867,0.0454034,-0.0108743,0.0425821,-0,-0,-0
1,4,9,2,1,0,868,0.0470205,0.00018045,-0.0209179,-0,-0,-0
1,4,9,2,1,1,869,0.0453531,-0.00156651,0.0265572,-0,-0,-0
1,4,9,2,1,2,870,0.0429355,-0.00505571,0.0630003,-0,-0,-0
1,4,9,2,1,3,871,0.0401759,-0.00903614,0.106953,-0,-0,-0
1,4,9,2,0,5,872,0.0495125,0.000130583,-0.00436271,-0,-0,-0
1,4,9,2,0,6,873,0.0479808,-0.00209252,0.0377839,-0,-0,-0
1,4,9,2,0,7,874,0.0461165,-0.00409014,0.0619308,-0,-0,-0
1,4,9,2,0,24,875,0.0428479,-0.0103016,0.117938,-0,-0,-0
1,4,9,1,3,22,876,0.0454865,-0.000540847,-0.000320007,-0,-0,-0
1,4,9,1,3,21,877,0.0449844,-0.00184507,0.0334427,-0,-0,-0
1,4,9,1,3,20,878,0.0434482,-0.0040601,0.0570003,-0,-0,-0
1,4,9,1,3,19,879,0.0402042,-0.0101715,0.116807,-0,-0,-0
1,4,9,1,2,17,880,0.054083,-0.00213192,-0.00430039,-0,-0,-0
1,4,9,1,2,16,881,0.0517277,-0.0040582,0.0363942,-0,-0,-0
1,4,9,1,2,15,882,0.0487026,-0.00667617,0.0626658,-0,-0,-0
1,4,9,1,2,14,883,0.0443257,-0.0109798,0.116285,-0,-0,-0
1,4,9,1,1,0,884,0.0427635,0.00159648,-0.024035,-0,-0,-0
1,4,9,1,1,1,885,0.043624,0.00015358,0.0237506,-0,-0,-0
1,4,9,1,1,2,886,0.0429005,-0.00437759,0.0645104,-0,-0,-0
1,4,9,1,1,3,887,0.0407646,-0.0065715,0.100605,-0,-0,-0
1,4,9,0,3,22,888,0.0486599,-0.00204166,-0.063157,-0,-0,-0
1,4,9,0,3,21,889,0.0480611,-0.00282895,-0.0236991,-0,-0,-0
1,4,9,0,3,20,890,0.0459787,-0.00575617,0.018865,-0,-0,-0
1,4,9,0,3,19,891,0.0423315,-0.00850372,0.0589932,-0,-0,-0
1,4,9,0,2,17,892,0.0433664,-0.00271777,-0.0615541,-0,-0,-0
1,4,9,0,2,16,893,0.0434753,-0.00277099,-0.0267622,-0,-0,-0
1,4,9,0,2,15,894,0.0423711,-0.00489379,0.00614499,-0,-0,-0
1,4,9,0,2,14,895,0.0410644,-0.00738372,0.0453461,-0,-0,-0
1,4,8,0,4,12,896,-0.0265124,-0.0305244,-0.0298587,-0,0,-9.74083e-17
1,4,8,0,4,11,897,-0.0230936,-0.0317088,-0.00156293,-0,0,-1.00013e-16
1,4,8,0,4,10,898,-0.0212598,-0.0320385,0.0335868,-0,-2.73691e-48,-1.0007e-16
1,4,8,0,4,9,899,-0.0173908,-0.0342758,0.0611864,-0,2.73691e-48,-9.95632e-17
1,4,8,0,4,8,900,-0.0115723,-0.0341827,0.081833,-0,-2.73691e-48,-1.03151e-16
1,4,8,1,0,5,901,-0.0201502,-0.0226347,-0.038179,-0,0,-1.00466e-16
1,4,8,1,0,6,902,-0.0181671,-0.0237284,-0.00240878,-0,0,-9.98947e-17
1,4,8,1,0,7,903,-0.017475,-0.0242833,0.035555,-0,2.73691e-48,-1.01454e-16
1,4,8,1,0,24,904,-0.0146486,-0.0271348,0.0694028,-0,0,-1.01068e-16
1,4,8,1,0,23,905,-0.0109128,-0.0290077,0.0998102,-0,-2.73691e-48,-1.01858e-16
1,4,8,2,2,17,906,-0.0275972,-0.0138986,-0.0457437,-0,2.73691e-48,-1.03863e-16
1,4,8,2,2,16,907,-0.0258486,-0.0160668,0.00196346,-0,-2.73691e-48,-9.78938e-17
1,4,8,2,2,15,908,-0.022531,-0.0179296,0.0494568,-0,2.73691e-48,-1.01433e-16
1,4,8,2,2,14,909,-0.0191002,-0.0216709,0.0867234,-0,5.47382e-48,-1.01555e-16
1,4,8,2,2,13,910,-0.0151083,-0.024478,0.125436,-0,2.73691e-48,-9.84266e-17
1,4,8,2,3,22,911,-0.0522356,-0.0174164,-0.0446016,-0,2.73691e-48,-9.85552e-17
1,4,8,2,3,21,912,-0.0446878,-0.0191109,-0.0046519,-0,5.47382e-48,-1.00308e-16
1,4,8,2,3,20,913,-0.0368344,-0.0207484,0.0482476,-0,5.47382e-48,-1.0075e-16
1,4,8,2,3,19,914,-0.0299146,-0.022364,0.0697909,-0,0,-1.00736e-16
1,4,8,2,3,18,915,-0.0235205,-0.023341,0.0993303,-0,-5.47382e-48,-1.03539e-16
1,4,9,2,3,22,916,0.0565492,-0.00274106,-0.0550874,-0,-0,-0
1,4,9,2,3,21,917,0.056124,-0.0031906,-0.0272002,-0,-0,-0
1,4,9,2,3,20,918,0.0552226,-0.00408058,0.00283685,-0,-0,-0
1,4,9,2,3,19,919,0.0526645,-0.00657761,0.0325919,-0,-0,-0
1,4,9,2,3,18,920,0.049556,-0.00871296,0.0661443,-0,-0,-0
1,4,9,2,2,17,921,0.0571474,0.000377782,-0.0685018,-0,-0,-0
1,4,9,2,2,16,922,0.0562709,-0.00103198,-0.029049,-0,-0,-0
1,4,9,2,2,15,923,0.0547944,-0.00167298,0.00993994,-0,-0,-0
1,4,9,2,2,14,924,0.0507726,-0.00532146,0.0591722,-0,-0,-0
1,4,9,2,2,13,925,0.0489996,-0.00587309,0.078655,-0,-0,-0
1,4,9,1,0,5,926,0.0515399,0.00235925,-0.066644,-0,-0,-0
1,4,9,1,0,6,927,0.0516545,0.000384241,-0.0147376,-0,-0,-0
1,4,9,1,0,7,928,0.0501177,0.000422758,0.0115369,-0,-0,-0
1,4,9,1,0,24,929,0.0486489,-0.00401998,0.0581843,-0,-0,-0
1,4,9,1,0,23,930,0.0467906,-0.0114019,0.12898,-0,-0,-0
1,4,9,0,4,12,931,0.0457759,0.00589428,-0.0683331,-0,-0,-0
1,4,9,0,4,11,932,0.0468237,0.00417181,-0.0192932,-0,-0,-0
1,4,9,0,4,10,933,0.0460243,0.00169977,0.0268846,-0,-0,-0
1,4,9,0,4,9,934,0.0431361,0.00165644,0.0424787,-0,-0,-0
1,4,9,0,4,8,935,0.0433292,-0.00820741,0.109988,-0,-0,-0
